Questionnaire,q_id,q_id_orig,count
CDP Cities 2018,0.4-0,0.4-0,488
CDP Cities 2018,7.4-0,6.4-0,614
CDP Cities 2018,2.0b-2,2.0b-3,366
CDP Cities 2018,5.5-0,8.2-0,488
CDP Cities 2018,4.6b-1-13,7.3a-1-13,184
CDP Cities 2018,3.2a-1,3.1a-1,341
CDP Cities 2018,4.6b-1-5,7.3a-1-5,184
CDP Cities 2018,3.0-1,3.3-1,1514
CDP Cities 2018,10.3-1-1,11.4-1-1,468
CDP Cities 2018,5.0a-1,8.3a-1,325
CDP Cities 2018,9.1-1-1,10.0-1-1,70
CDP Cities 2018,5.0-0,8.3-0,505
CDP Cities 2018,13.3-1-4,14.0-1-4,70
CDP Cities 2018,5.0d-5,8.3c-3,46
CDP Cities 2018,2.1-11,2.2a-4,2000
CDP Cities 2018,8.0a-4,9.2a-3,189
CDP Cities 2018,0.1-1-1,0.1-1-1,488
CDP Cities 2018,2.0b-7,2.0b-7,366
CDP Cities 2018,10.3-1-3,11.4-1-3,468
CDP Cities 2018,9.1-1-4,10.0-1-4,70
CDP Cities 2018,4.6b-1-14,7.3a-1-14,184
CDP Cities 2018,5.0c-5,8.3b-4,24
CDP Cities 2018,10.1-4-1,11.0-4-1,468
CDP Cities 2018,14.0-0,15.0-0,734
CDP Cities 2018,2.1-9,2.2a-8,2000
CDP Cities 2018,4.6c-13-1,7.4b-13-1,61
CDP Cities 2018,7.6-4-1,6.7-4-1,236
CDP Cities 2018,13.3-1-3,14.0-1-3,70
CDP Cities 2018,6.5-9,5.2-6,1081
CDP Cities 2018,5.0d-1,8.3c-1,46
CDP Cities 2018,2.1-3,2.2a-5,2000
CDP Cities 2018,10.3-3-1,11.4-3-1,468
CDP Cities 2018,10.3-5-3,11.4-5-3,468
CDP Cities 2018,0.5-2-1,0.6-2-1,468
CDP Cities 2018,4.6c-3-1,7.4b-3-1,61
CDP Cities 2018,10.3-3-3,11.4-3-3,468
CDP Cities 2018,3.0-8,3.3-4,1520
CDP Cities 2018,8.1-7-1,9.0-7-1,468
CDP Cities 2018,4.6b-1-8,7.3a-1-8,184
CDP Cities 2018,10.3-1-5,11.4-1-5,468
CDP Cities 2018,9.1-3-4,10.0-2-4,70
CDP Cities 2018,10.3-1-4,11.4-1-4,468
CDP Cities 2018,8.1-3-1,9.0-3-1,468
CDP Cities 2018,4.6b-1-7,7.3a-1-7,184
CDP Cities 2018,10.1-9-1,11.0-8-1,468
CDP Cities 2018,5.0c-6,8.3b-2,24
CDP Cities 2018,10.3-4-3,11.4-4-3,468
CDP Cities 2018,5.0c-7,8.3b-3,24
CDP Cities 2018,10.3-4-5,11.4-4-5,468
CDP Cities 2018,8.0a-9,9.2a-8,189
CDP Cities 2018,3.2a-6,3.1a-4,341
CDP Cities 2018,6.5-7,5.2-4,1081
CDP Cities 2018,14.3-2,15.4-2,708
CDP Cities 2018,4.6b-1-1,7.3a-1-1,184
CDP Cities 2018,6.0-2,5.0a-2,1420
CDP Cities 2018,2.1-1,2.2a-1,2000
CDP Cities 2018,8.1-6-1,9.0-6-1,468
CDP Cities 2018,10.3-2-1,11.4-2-1,468
CDP Cities 2018,4.6c-8-1,7.4b-8-1,61
CDP Cities 2018,10.3-2-3,11.4-2-3,468
CDP Cities 2018,2.0b-6,2.0b-6,366
CDP Cities 2018,11.0-0,12.0-0,70
CDP Cities 2018,14.2a-2,15.3a-2,642
CDP Cities 2018,10.3-4-2,11.4-4-2,468
CDP Cities 2018,7.3-1-1,6.3-1-1,236
CDP Cities 2018,7.0-0,6.0-0,488
CDP Cities 2018,8.1-8-1,9.0-8-1,468
CDP Cities 2018,8.1-5-1,9.0-5-1,468
CDP Cities 2018,4.6b-1-2,7.3a-1-2,184
CDP Cities 2018,2.1-8,2.2a-7,2000
CDP Cities 2018,10.3-5-1,11.4-5-1,468
CDP Cities 2018,7.2-0,6.2-0,236
CDP Cities 2018,6.2a-3,5.1a-2,545
CDP Cities 2018,5.0c-11,8.3b-7,24
CDP Cities 2018,13.3-1-5,14.0-1-5,70
CDP Cities 2018,8.0a-6,9.2a-5,189
CDP Cities 2018,10.3-5-2,11.4-5-2,468
CDP Cities 2018,10.3-5-4,11.4-5-4,468
CDP Cities 2018,14.3-4,15.4-3,708
CDP Cities 2018,6.2a-1,5.1a-1,545
CDP Cities 2018,7.6-2-1,6.7-2-1,236
CDP Cities 2018,5.0d-10,8.3c-7,46
CDP Cities 2018,3.2a-5,3.1a-2,341
CDP Cities 2018,10.3-2-4,11.4-2-4,468
CDP Cities 2018,3.3-3,3.4-2,474
CDP Cities 2018,3.2-0,3.1-0,488
CDP Cities 2018,5.0d-9,8.3c-6,46
CDP Cities 2018,5.4-7,8.1-3,1336
CDP Cities 2018,5.0a-9,8.3a-6,325
CDP Cities 2018,3.0-4,3.3-3,1520
CDP Cities 2018,7.7a-2,6.8a-2,197
CDP Cities 2018,10.3-1-2,11.4-1-2,468
CDP Cities 2018,3.3-1,3.4-1,474
CDP Cities 2018,10.1-3-1,11.0-3-1,468
CDP Cities 2018,5.0c-13,8.3b-8,24
CDP Cities 2018,0.5-3-1,0.6-4-1,468
CDP Cities 2018,10.3-3-5,11.4-3-5,468
CDP Cities 2018,10.3-4-4,11.4-4-4,468
CDP Cities 2018,6.0-1,5.0a-1,1420
CDP Cities 2018,2.0b-4,2.0b-4,366
CDP Cities 2018,5.0d-8,8.3c-5,46
CDP Cities 2018,14.1-0,15.1-0,70
CDP Cities 2018,9.1-3-1,10.0-2-1,70
CDP Cities 2018,2.1-6,2.2a-9,4880
CDP Cities 2018,3.0-2,3.3-2,1520
CDP Cities 2018,10.1-7-1,11.0-7-1,468
CDP Cities 2018,4.6b-1-9,7.3a-1-9,184
CDP Cities 2018,9.1-3-3,10.0-2-3,70
CDP Cities 2018,4.6b-1-16,7.3a-1-16,184
CDP Cities 2018,6.2-0,5.1-0,468
CDP Cities 2018,10.3-2-5,11.4-2-5,468
CDP Cities 2018,8.1-2-1,9.0-2-1,468
CDP Cities 2018,2.1-5,2.2a-10,2000
CDP Cities 2018,5.0a-6,8.3a-2,325
CDP Cities 2018,5.0d-7,8.3c-4,46
CDP Cities 2018,7.7-0,6.8-0,236
CDP Cities 2018,14.2a-1,15.3a-1,642
CDP Cities 2018,5.0a-7,8.3a-4,325
CDP Cities 2018,9.1-3-2,10.0-2-2,70
CDP Cities 2018,9.1-1-3,10.0-1-3,70
CDP Cities 2018,5.0a-5,8.3a-3,325
CDP Cities 2018,8.0a-7,9.2a-6,189
CDP Cities 2018,2.1-4,2.2a-6,2000
CDP Cities 2018,13.3-1-2,14.0-1-2,70
CDP Cities 2018,4.6b-1-10,7.3a-1-10,184
CDP Cities 2018,8.1-1-1,9.0-1-1,468
CDP Cities 2018,4.6b-1-17,7.3a-1-17,184
CDP Cities 2018,8.1-4-1,9.0-4-1,468
CDP Cities 2018,4.6b-1-12,7.3a-1-12,184
CDP Cities 2018,6.5-4,5.2-3,1081
CDP Cities 2018,2.2-2,2.4-2,1298
CDP Cities 2018,4.6b-1-3,7.3a-1-3,184
CDP Cities 2018,10.1-5-1,11.0-5-1,468
CDP Cities 2018,4.6b-1-4,7.3a-1-4,184
CDP Cities 2018,2.2-4,2.4-3,1298
CDP Cities 2018,10.1-2-1,11.0-2-1,468
CDP Cities 2018,6.13-1-1,5.10-0,70
CDP Cities 2018,13.3-1-1,14.0-1-1,70
CDP Cities 2018,2.0-0,2.0-0,488
CDP Cities 2018,0.6-1-1,0.8-2-1,468
CDP Cities 2018,14.3-1,15.4-1,671
CDP Cities 2018,10.3-4-1,11.4-4-1,468
CDP Cities 2018,3.3-4,3.4-3,474
CDP Cities 2018,8.1-9-1,9.0-9-1,468
CDP Cities 2018,5.0c-1,8.3b-1,24
CDP Cities 2018,5.0d-11,8.3c-8,46
CDP Cities 2018,4.6c-1-1,7.4b-1-1,61
CDP Cities 2018,7.6-3-1,6.7-3-1,236
CDP Cities 2018,5.0a-8,8.3a-5,325
CDP Cities 2018,5.0a-11,8.3a-7,325
CDP Cities 2018,10.3-3-4,11.4-3-4,468
CDP Cities 2018,8.1-11-1,9.0-10-1,468
CDP Cities 2018,6.5-3,5.2-2,1080
CDP Cities 2018,9.1-1-2,10.0-1-2,70
CDP Cities 2018,14.2a-3,15.3a-3,642
CDP Cities 2018,4.0-0,7.0-0,488
CDP Cities 2018,10.3-3-2,11.4-3-2,468
CDP Cities 2018,8.0-0,9.2-0,488
CDP Cities 2018,4.6b-1-6,7.3a-1-6,184
CDP Cities 2018,5.0c-8,8.3b-5,24
CDP Cities 2018,10.3-2-2,11.4-2-2,468
CDP Cities 2018,13.3-1-6,14.0-1-6,70
CDP Cities 2018,2.2-1,2.4-1,1298
CDP Cities 2018,4.6b-1-15,7.3a-1-15,184
CDP Cities 2018,14.2a-5,15.3a-4,642
CDP Cities 2018,10.1-1-1,11.0-1-1,468
CDP Cities 2018,5.0d-6,8.3c-2,46
CDP Cities 2018,4.6b-1-11,7.3a-1-11,184
CDP Cities 2018,5.0c-10,8.3b-6,24
CDP Cities 2018,10.1-6-1,11.0-6-1,468
CDP Cities 2018,10.3-5-5,11.4-5-5,468
CDP Cities 2018,4.6a-1-17,7.6-1-10,6
CDP Cities 2018,4.6a-1-9,7.6-1-7,1
CDP Cities 2018,4.6a-1-26,7.6-1-13,1
CDP Cities 2018,4.6a-3-1,7.6-2-1,6
CDP Cities 2018,4.6a-3-17,7.6-2-10,1
CDP Cities 2018,4.6a-3-9,7.6-2-7,3
CDP Cities 2018,4.6a-1-8,7.6-1-6,2
CDP Cities 2018,4.6a-3-2,7.6-2-2,6
CDP Cities 2018,4.6a-1-1,7.6-1-1,11
CDP Cities 2018,4.6a-1-14,7.6-1-9,8
CDP Cities 2018,4.6a-1-13,7.6-1-8,18
CDP Cities 2018,4.6a-3-3,7.6-2-3,1
CDP Cities 2018,4.6a-1-30,7.6-1-15,7
CDP Cities 2018,4.6a-1-5,7.6-1-5,5
CDP Cities 2018,4.6a-3-8,7.6-2-6,1
CDP Cities 2018,4.6a-3-4,7.6-2-4,4
CDP Cities 2018,4.6a-1-19,7.6-1-11,2
CDP Cities 2018,4.6a-3-19,7.6-2-11,1
CDP Cities 2018,4.6a-3-26,7.6-2-13,3
CDP Cities 2018,4.6a-1-4,7.6-1-4,10
CDP Cities 2018,4.6a-1-2,7.6-1-2,11
CDP Cities 2018,4.6a-1-3,7.6-1-3,3
CDP Cities 2018,4.6a-1-28,7.6-1-14,3
CDP Cities 2018,4.6a-3-28,7.6-2-14,2
CDP Cities 2018,4.6a-3-13,7.6-2-8,1
Cities 2019,10.3-1-3,10.5-1-3,814
Cities 2019,4.6a-4-22,4.6a-4-22,300
Cities 2019,5.4-7,5.4-5,3768
Cities 2019,4.6a-5-18,4.6a-5-18,300
Cities 2019,4.6a-2-27,4.6a-2-27,300
Cities 2019,3.0-2,3.0-2,3149
Cities 2019,4.6b-1-17,4.6b-1-17,146
Cities 2019,7.3-1-1,7.3-1-1,474
Cities 2019,5.0c-6,5.0c-5,55
Cities 2019,5.0a-1,5.0a-1,533
Cities 2019,4.6a-6-25,4.6a-6-25,300
Cities 2019,10.3-2-2,10.5-2-2,814
Cities 2019,0.5-3-1,0.5-3-1,814
Cities 2019,4.6a-7-31,4.6a-7-31,300
Cities 2019,4.6a-4-26,4.6a-4-26,300
Cities 2019,5.0a-5,5.0a-4,533
Cities 2019,4.6a-6-28,4.6a-6-28,300
Cities 2019,10.1-4-1,10.1-4-1,317
Cities 2019,5.0b-8,5.0b-6,79
Cities 2019,8.0a-3,8.0a-2,381
Cities 2019,4.6a-5-8,4.6a-5-8,300
Cities 2019,2.1-9,2.1-7,3736
Cities 2019,4.6a-4-2,4.6a-4-2,300
Cities 2019,10.3-5-2,10.5-5-2,814
Cities 2019,4.6a-6-19,4.6a-6-19,300
Cities 2019,4.6a-3-20,4.6a-3-20,300
Cities 2019,4.6b-1-4,4.6b-1-4,146
Cities 2019,0.1-1-1,0.1-1-1,814
Cities 2019,4.6a-4-25,4.6a-4-25,300
Cities 2019,4.6a-4-10,4.6a-4-10,300
Cities 2019,4.6b-1-5,4.6b-1-5,146
Cities 2019,5.0c-11,5.0c-10,55
Cities 2019,4.6a-2-20,4.6a-2-20,300
Cities 2019,13.3-1-4,13.3-1-4,82
Cities 2019,6.2-0,6.1-0,814
Cities 2019,4.6a-6-6,4.6a-6-6,300
Cities 2019,4.6a-3-18,4.6a-3-18,300
Cities 2019,4.6a-3-26,4.6a-3-26,300
Cities 2019,2.1-3,2.1-3,3736
Cities 2019,4.6a-2-12,4.6a-2-12,300
Cities 2019,4.4-0,4.4-0,1810
Cities 2019,9.1-1-1,9.1-1-1,82
Cities 2019,4.6a-2-11,4.6a-2-11,300
Cities 2019,4.6a-2-17,4.6a-2-17,300
Cities 2019,4.6a-7-27,4.6a-7-27,300
Cities 2019,5.0d-8,5.0d-7,127
Cities 2019,4.6a-4-12,4.6a-4-12,300
Cities 2019,4.6a-4-30,4.6a-4-30,300
Cities 2019,14.0-0,14.0-0,1373
Cities 2019,4.6a-7-16,4.6a-7-16,300
Cities 2019,4.6a-2-25,4.6a-2-25,300
Cities 2019,4.6a-4-8,4.6a-4-8,300
Cities 2019,4.6a-2-16,4.6a-2-16,300
Cities 2019,10.3-3-5,10.5-3-5,814
Cities 2019,4.6a-1-16,4.6a-1-16,300
Cities 2019,5.0c-5,5.0c-4,55
Cities 2019,10.3-3-4,10.5-3-4,814
Cities 2019,4.6a-3-14,4.6a-3-14,300
Cities 2019,4.6a-3-11,4.6a-3-11,300
Cities 2019,4.6a-2-18,4.6a-2-18,300
Cities 2019,4.6a-6-27,4.6a-6-27,300
Cities 2019,0.5-2-1,0.5-2-1,814
Cities 2019,4.6a-7-7,4.6a-7-7,300
Cities 2019,5.0c-12,5.0c-11,55
Cities 2019,4.6a-7-30,4.6a-7-30,300
Cities 2019,7.2-0,7.2-0,474
Cities 2019,9.1-3-3,9.1-2-3,82
Cities 2019,4.6a-7-18,4.6a-7-18,300
Cities 2019,5.0b-9,5.0b-7,79
Cities 2019,4.6a-2-15,4.6a-2-15,300
Cities 2019,4.6a-6-17,4.6a-6-17,300
Cities 2019,4.6a-6-2,4.6a-6-2,300
Cities 2019,4.6b-1-13,4.6b-1-13,146
Cities 2019,4.6b-1-11,4.6b-1-11,146
Cities 2019,10.3-3-3,10.5-3-3,814
Cities 2019,14.3-4,14.4-4,1247
Cities 2019,4.6a-5-4,4.6a-5-4,300
Cities 2019,5.0c-8,5.0c-7,55
Cities 2019,4.6b-1-9,4.6b-1-9,146
Cities 2019,4.6a-1-28,4.6a-1-28,300
Cities 2019,4.6d-1,4.6d-1,16
Cities 2019,4.6a-4-1,4.6a-4-1,300
Cities 2019,4.6a-5-3,4.6a-5-3,300
Cities 2019,4.6a-5-14,4.6a-5-14,300
Cities 2019,8.0a-6,8.0a-5,381
Cities 2019,10.1-7-1,10.1-7-1,317
Cities 2019,5.0d-1,5.0d-1,127
Cities 2019,4.6a-1-25,4.6a-1-25,300
Cities 2019,4.6d-1,4.6e-1,41
Cities 2019,5.0b-7,5.0b-5,79
Cities 2019,10.1-9-1,10.1-8-1,317
Cities 2019,6.5-3,6.2-3,1646
Cities 2019,4.6a-3-23,4.6a-3-23,300
Cities 2019,7.6-4-1,7.6-4-1,396
Cities 2019,11.0-0,11.0-0,82
Cities 2019,4.6a-4-11,4.6a-4-11,300
Cities 2019,5.0c-3,5.0c-3,55
Cities 2019,4.6a-2-30,4.6a-2-30,300
Cities 2019,14.2a-3,14.3a-3,1199
Cities 2019,7.6-2-1,7.6-2-1,396
Cities 2019,6.0-2,6.0-2,2436
Cities 2019,2.1-7,2.1-10,10309
Cities 2019,2.2-2,2.2-2,2860
Cities 2019,4.6a-4-9,4.6a-4-9,300
Cities 2019,4.6d-2,4.6f-2,49
Cities 2019,4.6a-1-26,4.6a-1-26,300
Cities 2019,8.2-1-3,8.5-1-4,318
Cities 2019,4.6a-1-8,4.6a-1-8,300
Cities 2019,10.3-1-5,10.5-1-5,814
Cities 2019,4.6a-3-10,4.6a-3-10,300
Cities 2019,4.6a-1-14,4.6a-1-14,300
Cities 2019,4.6b-1-8,4.6b-1-8,146
Cities 2019,3.3-3,3.2-2,1769
Cities 2019,4.6a-4-15,4.6a-4-15,300
Cities 2019,4.6a-2-9,4.6a-2-9,300
Cities 2019,4.6a-2-13,4.6a-2-13,300
Cities 2019,8.1-6-1,8.2-6-1,318
Cities 2019,8.0a-4,8.0a-3,381
Cities 2019,5.0a-7,5.0a-6,533
Cities 2019,5.0a-8,5.0a-7,533
Cities 2019,4.6a-3-1,4.6a-3-1,300
Cities 2019,14.3-2,14.4-2,1247
Cities 2019,14.1-0,14.2-0,814
Cities 2019,5.0b-5,5.0b-4,79
Cities 2019,10.3-5-3,10.5-5-3,814
Cities 2019,4.6a-7-6,4.6a-7-6,300
Cities 2019,13.3-1-5,13.3-1-5,82
Cities 2019,5.0b-1,5.0b-1,79
Cities 2019,4.6a-7-10,4.6a-7-10,300
Cities 2019,4.6a-1-17,4.6a-1-17,300
Cities 2019,4.6b-1-1,4.6b-1-1,146
Cities 2019,4.6a-5-28,4.6a-5-28,300
Cities 2019,4.6a-5-7,4.6a-5-7,300
Cities 2019,4.6b-1-2,4.6b-1-2,146
Cities 2019,4.6b-1-14,4.6b-1-14,146
Cities 2019,4.6a-6-12,4.6a-6-12,300
Cities 2019,13.2-0,13.2-0,82
Cities 2019,4.6a-3-22,4.6a-3-22,300
Cities 2019,4.6a-7-13,4.6a-7-13,300
Cities 2019,5.0a-9,5.0a-8,533
Cities 2019,4.6a-1-2,4.6a-1-2,300
Cities 2019,10.3-4-2,10.5-4-2,814
Cities 2019,4.6a-1-19,4.6a-1-19,300
Cities 2019,9.1-1-2,9.1-1-2,82
Cities 2019,10.3-5-5,10.5-5-5,814
Cities 2019,4.6c-3-1,4.6c-3-1,32
Cities 2019,3.2a-9,3.1a-7,643
Cities 2019,4.6a-1-15,4.6a-1-15,300
Cities 2019,4.6a-1-31,4.6a-1-31,300
Cities 2019,8.1-9-1,8.2-9-1,318
Cities 2019,6.0-1,6.0-1,2436
Cities 2019,8.1-8-1,8.2-8-1,318
Cities 2019,3.2a-1,3.1a-1,643
Cities 2019,3.2a-3,3.1a-2,3074
Cities 2019,4.6a-3-31,4.6a-3-31,300
Cities 2019,14.3-1,14.4-1,1224
Cities 2019,4.6a-7-3,4.6a-7-3,300
Cities 2019,2.0b-4,2.0b-4,797
Cities 2019,4.0-0,4.0-0,814
Cities 2019,4.6a-3-19,4.6a-3-19,300
Cities 2019,14.2a-5,14.3a-4,1199
Cities 2019,4.6a-6-20,4.6a-6-20,300
Cities 2019,4.6a-7-4,4.6a-7-4,300
Cities 2019,4.6a-2-31,4.6a-2-31,300
Cities 2019,4.6a-6-30,4.6a-6-30,300
Cities 2019,4.6b-1-3,4.6b-1-3,146
Cities 2019,2.1-5,2.1-5,9249
Cities 2019,4.6a-1-7,4.6a-1-7,300
Cities 2019,4.6a-5-15,4.6a-5-15,300
Cities 2019,4.6a-6-3,4.6a-6-3,300
Cities 2019,4.6a-1-20,4.6a-1-20,300
Cities 2019,4.6a-7-29,4.6a-7-29,300
Cities 2019,4.6a-6-7,4.6a-6-7,300
Cities 2019,2.0b-2,2.0b-3,797
Cities 2019,4.6a-1-23,4.6a-1-23,300
Cities 2019,2.2-4,2.2-3,2860
Cities 2019,4.6a-6-5,4.6a-6-5,300
Cities 2019,5.0d-3,5.0d-3,127
Cities 2019,6.5-4,6.2-4,1646
Cities 2019,4.6a-3-25,4.6a-3-25,300
Cities 2019,10.3-1-2,10.5-1-2,814
Cities 2019,8.0-0,8.0-0,814
Cities 2019,4.6a-1-6,4.6a-1-6,300
Cities 2019,8.0a-7,8.0a-6,381
Cities 2019,4.6a-1-1,4.6a-1-1,300
Cities 2019,4.6c-8-1,4.6c-8-1,32
Cities 2019,4.6a-5-17,4.6a-5-17,300
Cities 2019,7.7a-2,7.7a-2,290
Cities 2019,4.6a-1-9,4.6a-1-9,300
Cities 2019,6.13-1-1,6.11-0,82
Cities 2019,2.1-6,2.1-9,14048
Cities 2019,4.6a-4-6,4.6a-4-6,300
Cities 2019,10.3-3-1,10.5-3-1,814
Cities 2019,3.3-1,3.2-1,1769
Cities 2019,0.4-0,0.4-0,814
Cities 2019,4.6a-1-4,4.6a-1-4,300
Cities 2019,4.6a-6-16,4.6a-6-16,300
Cities 2019,5.0a-6,5.0a-5,533
Cities 2019,5.0d-9,5.0d-8,127
Cities 2019,6.5-7,6.2-5,1646
Cities 2019,4.6a-3-3,4.6a-3-3,300
Cities 2019,4.9-1-1,4.9-1-1,524
Cities 2019,4.6a-3-29,4.6a-3-29,300
Cities 2019,4.6a-3-9,4.6a-3-9,300
Cities 2019,4.6a-1-12,4.6a-1-12,300
Cities 2019,5.0a-3,5.0a-3,533
Cities 2019,4.6a-3-6,4.6a-3-6,300
Cities 2019,4.6a-2-3,4.6a-2-3,300
Cities 2019,4.6a-6-14,4.6a-6-14,300
Cities 2019,4.6a-2-19,4.6a-2-19,300
Cities 2019,4.6a-2-6,4.6a-2-6,300
Cities 2019,6.5-9,6.2-7,1646
Cities 2019,3.3-4,3.2-3,1769
Cities 2019,4.6b-1-12,4.6b-1-12,146
Cities 2019,2.0b-6,2.0b-7,797
Cities 2019,4.6a-7-28,4.6a-7-28,300
Cities 2019,4.6a-3-17,4.6a-3-17,300
Cities 2019,5.0b-3,5.0b-3,79
Cities 2019,4.6a-2-22,4.6a-2-22,300
Cities 2019,4.6a-6-13,4.6a-6-13,300
Cities 2019,10.1-2-1,10.1-2-1,317
Cities 2019,9.1-1-4,9.1-1-4,82
Cities 2019,4.6a-7-1,4.6a-7-1,300
Cities 2019,8.1-7-1,8.2-7-1,318
Cities 2019,8.1-2-1,8.2-2-1,318
Cities 2019,4.6a-7-25,4.6a-7-25,300
Cities 2019,2.0b-7,2.0b-8,797
Cities 2019,5.0c-9,5.0c-8,55
Cities 2019,4.6a-7-26,4.6a-7-26,300
Cities 2019,4.6d-2,4.6e-2,41
Cities 2019,4.6a-1-18,4.6a-1-18,300
Cities 2019,4.6a-5-19,4.6a-5-19,300
Cities 2019,4.6a-5-25,4.6a-5-25,300
Cities 2019,4.6a-7-15,4.6a-7-15,300
Cities 2019,4.6b-1-10,4.6b-1-10,146
Cities 2019,2.1-1,2.1-1,3736
Cities 2019,4.6a-5-13,4.6a-5-13,300
Cities 2019,10.3-5-1,10.5-5-1,814
Cities 2019,8.1-5-1,8.2-5-1,318
Cities 2019,4.6a-6-11,4.6a-6-11,300
Cities 2019,10.3-4-3,10.5-4-3,814
Cities 2019,4.6a-5-26,4.6a-5-26,300
Cities 2019,4.6a-5-10,4.6a-5-10,300
Cities 2019,4.6a-3-16,4.6a-3-16,300
Cities 2019,4.6a-6-26,4.6a-6-26,300
Cities 2019,4.6a-2-28,4.6a-2-28,300
Cities 2019,9.1-3-1,9.1-2-1,82
Cities 2019,2.2-1,2.2-1,2860
Cities 2019,4.6a-3-13,4.6a-3-13,300
Cities 2019,4.6d-4,4.6e-4,41
Cities 2019,4.6a-5-31,4.6a-5-31,300
Cities 2019,4.6b-1-7,4.6b-1-7,146
Cities 2019,4.6a-6-15,4.6a-6-15,300
Cities 2019,10.1-6-1,10.1-6-1,317
Cities 2019,10.3-2-4,10.5-2-4,814
Cities 2019,7.4-0,7.4-0,1216
Cities 2019,4.6a-1-13,4.6a-1-13,300
Cities 2019,4.6b-1-15,4.6b-1-15,146
Cities 2019,4.6a-6-31,4.6a-6-31,300
Cities 2019,4.6a-7-19,4.6a-7-19,300
Cities 2019,4.6a-7-2,4.6a-7-2,300
Cities 2019,3.0-8,3.0-6,3149
Cities 2019,5.4-8,5.4-6,3768
Cities 2019,10.3-1-1,10.5-1-1,814
Cities 2019,4.6a-4-20,4.6a-4-20,300
Cities 2019,4.6a-1-30,4.6a-1-30,300
Cities 2019,9.1-1-3,9.1-1-3,82
Cities 2019,2.1-4,2.1-4,3736
Cities 2019,4.6a-4-5,4.6a-4-5,300
Cities 2019,10.3-1-4,10.5-1-4,814
Cities 2019,4.6a-6-8,4.6a-6-8,300
Cities 2019,4.6a-4-3,4.6a-4-3,300
Cities 2019,10.3-2-5,10.5-2-5,814
Cities 2019,5.0d-7,5.0d-6,127
Cities 2019,4.6a-1-10,4.6a-1-10,300
Cities 2019,4.6a-6-23,4.6a-6-23,300
Cities 2019,4.6a-2-5,4.6a-2-5,300
Cities 2019,5.0a-11,5.0a-10,533
Cities 2019,8.1-3-1,8.2-3-1,318
Cities 2019,4.6a-4-19,4.6a-4-19,300
Cities 2019,10.1-3-1,10.1-3-1,317
Cities 2019,7.7-0,7.7-0,396
Cities 2019,8.1-4-1,8.2-4-1,318
Cities 2019,4.6a-4-17,4.6a-4-17,300
Cities 2019,4.6a-6-22,4.6a-6-22,300
Cities 2019,5.0d-10,5.0d-9,127
Cities 2019,4.6a-7-23,4.6a-7-23,300
Cities 2019,4.6c-1-1,4.6c-1-1,32
Cities 2019,4.6a-3-28,4.6a-3-28,300
Cities 2019,10.1-5-1,10.1-5-1,317
Cities 2019,4.6a-7-9,4.6a-7-9,300
Cities 2019,4.6a-1-22,4.6a-1-22,300
Cities 2019,2.0-0,2.0-0,814
Cities 2019,4.6a-7-12,4.6a-7-12,300
Cities 2019,4.6a-1-27,4.6a-1-27,300
Cities 2019,6.2a-3,6.1a-2,1001
Cities 2019,4.6d-4,4.6f-4,49
Cities 2019,8.0a-9,8.0a-8,381
Cities 2019,4.6a-2-29,4.6a-2-29,300
Cities 2019,4.6a-5-16,4.6a-5-16,300
Cities 2019,4.6a-1-5,4.6a-1-5,300
Cities 2019,4.6a-2-2,4.6a-2-2,300
Cities 2019,4.6a-5-6,4.6a-5-6,300
Cities 2019,4.6a-7-20,4.6a-7-20,300
Cities 2019,4.6a-3-8,4.6a-3-8,300
Cities 2019,4.6a-6-10,4.6a-6-10,300
Cities 2019,5.0d-11,5.0d-10,127
Cities 2019,4.6a-6-18,4.6a-6-18,300
Cities 2019,5.0d-5,5.0d-4,127
Cities 2019,6.2a-1,6.1a-1,1001
Cities 2019,4.6a-2-8,4.6a-2-8,300
Cities 2019,4.6a-3-15,4.6a-3-15,300
Cities 2019,5.0c-13,5.0c-12,55
Cities 2019,4.6a-2-4,4.6a-2-4,300
Cities 2019,4.6a-6-4,4.6a-6-4,300
Cities 2019,4.6a-4-16,4.6a-4-16,300
Cities 2019,3.0-1,3.0-1,3103
Cities 2019,4.6d-3,4.6d-3,16
Cities 2019,14.2a-2,14.3a-2,1199
Cities 2019,3.2-0,3.1-0,814
Cities 2019,10.3-4-5,10.5-4-5,814
Cities 2019,4.6a-3-27,4.6a-3-27,300
Cities 2019,4.6d-3,4.6f-3,49
Cities 2019,4.6a-3-2,4.6a-3-2,300
Cities 2019,4.6b-1-6,4.6b-1-6,146
Cities 2019,4.6a-2-23,4.6a-2-23,300
Cities 2019,4.6a-2-14,4.6a-2-14,300
Cities 2019,10.3-2-3,10.5-2-3,814
Cities 2019,4.6a-5-11,4.6a-5-11,300
Cities 2019,4.6a-2-10,4.6a-2-10,300
Cities 2019,3.2a-5,3.1a-3,643
Cities 2019,13.3-1-2,13.3-1-2,82
Cities 2019,4.6a-5-20,4.6a-5-20,300
Cities 2019,4.6a-7-17,4.6a-7-17,300
Cities 2019,4.6a-6-9,4.6a-6-9,300
Cities 2019,4.6a-4-27,4.6a-4-27,300
Cities 2019,4.6a-4-7,4.6a-4-7,300
Cities 2019,5.0-0,5.0-0,878
Cities 2019,5.0c-7,5.0c-6,55
Cities 2019,4.6a-1-11,4.6a-1-11,300
Cities 2019,10.1-1-1,10.1-1-1,317
Cities 2019,4.6a-3-4,4.6a-3-4,300
Cities 2019,5.0c-10,5.0c-9,55
Cities 2019,4.6a-5-12,4.6a-5-12,300
Cities 2019,3.2a-6,3.1a-4,643
Cities 2019,4.6d-1,4.6f-1,49
Cities 2019,4.6d-4,4.6d-4,16
Cities 2019,4.6a-5-2,4.6a-5-2,300
Cities 2019,4.6a-4-14,4.6a-4-14,300
Cities 2019,4.6b-1-16,4.6b-1-16,146
Cities 2019,4.6a-7-22,4.6a-7-22,300
Cities 2019,2.1-8,2.1-6,3736
Cities 2019,4.6a-1-3,4.6a-1-3,300
Cities 2019,10.3-4-1,10.5-4-1,814
Cities 2019,4.6a-6-29,4.6a-6-29,300
Cities 2019,4.6a-5-30,4.6a-5-30,300
Cities 2019,13.3-1-6,13.3-1-6,82
Cities 2019,4.6a-4-4,4.6a-4-4,300
Cities 2019,0.6-1-1,0.6-1-1,814
Cities 2019,4.6a-5-23,4.6a-5-23,300
Cities 2019,4.6a-4-29,4.6a-4-29,300
Cities 2019,10.3-2-1,10.5-2-1,814
Cities 2019,4.6a-2-7,4.6a-2-7,300
Cities 2019,4.6a-5-1,4.6a-5-1,300
Cities 2019,4.6a-7-11,4.6a-7-11,300
Cities 2019,4.6d-2,4.6d-2,16
Cities 2019,4.6a-3-30,4.6a-3-30,300
Cities 2019,10.3-5-4,10.5-5-4,814
Cities 2019,7.6-3-1,7.6-3-1,396
Cities 2019,2.1-11,2.1-8,3736
Cities 2019,9.1-3-4,9.1-2-4,82
Cities 2019,3.0-4,3.0-4,3149
Cities 2019,4.6a-1-29,4.6a-1-29,300
Cities 2019,4.6a-5-22,4.6a-5-22,300
Cities 2019,13.3-1-1,13.3-1-1,82
Cities 2019,4.6a-6-1,4.6a-6-1,300
Cities 2019,4.6d-3,4.6e-3,41
Cities 2019,10.3-3-2,10.5-3-2,814
Cities 2019,5.5-0,5.5-0,814
Cities 2019,5.0d-6,5.0d-5,127
Cities 2019,4.6a-3-5,4.6a-3-5,300
Cities 2019,4.6a-7-8,4.6a-7-8,300
Cities 2019,4.6c-13-1,4.6c-13-1,32
Cities 2019,14.2a-1,14.3a-1,1199
Cities 2019,5.0c-1,5.0c-1,55
Cities 2019,4.6a-5-27,4.6a-5-27,300
Cities 2019,4.6a-3-12,4.6a-3-12,300
Cities 2019,10.3-4-4,10.5-4-4,814
Cities 2019,4.6a-4-28,4.6a-4-28,300
Cities 2019,4.6a-5-9,4.6a-5-9,300
Cities 2019,4.6a-4-18,4.6a-4-18,300
Cities 2019,4.6a-4-13,4.6a-4-13,300
Cities 2019,5.0b-10,5.0b-8,79
Cities 2019,7.0-0,7.0-0,814
Cities 2019,4.6a-7-14,4.6a-7-14,300
Cities 2019,4.6a-3-7,4.6a-3-7,300
Cities 2019,13.3-1-3,13.3-1-3,82
Cities 2019,8.1-1-1,8.2-1-1,318
Cities 2019,8.1-11-1,8.2-10-1,318
Cities 2019,4.6a-5-5,4.6a-5-5,300
Cities 2019,4.6a-7-5,4.6a-7-5,300
Cities 2019,4.6a-4-23,4.6a-4-23,300
Cities 2019,4.6a-2-1,4.6a-2-1,300
Cities 2019,4.6a-2-26,4.6a-2-26,300
Cities 2019,4.6a-5-29,4.6a-5-29,300
Cities 2019,9.1-3-2,9.1-2-2,82
Cities 2019,4.6a-4-31,4.6a-4-31,300
Cities 2020,4.6a-3-5,4.6a-3-5,776
Cities 2020,4.6a-4-2,4.6a-4-2,776
Cities 2020,4.6a-7-26,4.6a-7-26,776
Cities 2020,4.6a-3-31,4.6a-3-31,776
Cities 2020,4.6a-1-11,4.6a-1-11,776
Cities 2020,14.3-1,14.3-1,1707
Cities 2020,4.6a-4-13,4.6a-4-13,776
Cities 2020,7.6-2-1,7.6-2-1,776
Cities 2020,5.0c-3,5.0c-3,1015
Cities 2020,7.6-3-1,7.6-3-1,776
Cities 2020,4.6a-5-30,4.6a-5-30,776
Cities 2020,5.0c-13,5.0c-12,1015
Cities 2020,8.1-3-1,8.1-3-1,776
Cities 2020,10.1-4-1,10.1-4-1,776
Cities 2020,10.3-3-2,10.4-3-2,776
Cities 2020,5.0-0,5.0-0,842
Cities 2020,8.1-2-1,8.1-2-1,776
Cities 2020,10.1-9-1,10.1-9-1,776
Cities 2020,4.6a-1-12,4.6a-1-12,776
Cities 2020,4.6a-7-16,4.6a-7-16,776
Cities 2020,4.6a-2-17,4.6a-2-17,776
Cities 2020,3.2a-6,3.2a-6,971
Cities 2020,10.3-3-5,10.4-3-5,776
Cities 2020,4.6a-1-13,4.6a-1-13,776
Cities 2020,4.6a-6-23,4.6a-6-23,776
Cities 2020,4.6d-3,4.6d-3,961
Cities 2020,9.1-1-1,9.1-1-1,776
Cities 2020,4.6a-7-31,4.6a-7-31,776
Cities 2020,4.6a-7-13,4.6a-7-13,776
Cities 2020,4.6a-2-6,4.6a-2-6,776
Cities 2020,4.6a-1-15,4.6a-1-15,776
Cities 2020,2.1-1,2.1-1,3641
Cities 2020,14.2a-1,14.2a-1,1780
Cities 2020,5.0b-9,5.0b-7,989
Cities 2020,8.0a-7,8.0a-7,885
Cities 2020,4.6a-6-27,4.6a-6-27,776
Cities 2020,4.6a-5-1,4.6a-5-1,776
Cities 2020,2.1-11,2.1-11,3641
Cities 2020,13.3-1-5,13.3-1-5,776
Cities 2020,4.6a-1-7,4.6a-1-7,776
Cities 2020,10.1-2-1,10.1-2-1,776
Cities 2020,8.0a-9,8.0a-9,885
Cities 2020,10.1-5-1,10.1-5-1,776
Cities 2020,4.6a-6-19,4.6a-6-19,776
Cities 2020,4.6a-1-19,4.6a-1-19,776
Cities 2020,4.6a-7-1,4.6a-7-1,776
Cities 2020,4.6a-2-14,4.6a-2-14,776
Cities 2020,4.6a-7-28,4.6a-7-28,776
Cities 2020,4.6a-7-7,4.6a-7-7,776
Cities 2020,4.6a-3-19,4.6a-3-19,776
Cities 2020,5.0a-11,5.0a-10,1162
Cities 2020,14.3-2,14.3-2,1707
Cities 2020,3.3-3,3.3-3,1933
Cities 2020,4.6a-3-28,4.6a-3-28,776
Cities 2020,8.1-9-1,8.1-9-1,776
Cities 2020,4.6a-7-3,4.6a-7-3,776
Cities 2020,4.6a-4-20,4.6a-4-20,776
Cities 2020,0.4-0,0.4-0,776
Cities 2020,10.3-3-3,10.4-3-3,776
Cities 2020,6.5-9,6.5-9,1629
Cities 2020,4.6a-7-29,4.6a-7-29,776
Cities 2020,10.3-5-1,10.4-5-1,776
Cities 2020,8.1-1-1,8.1-1-1,776
Cities 2020,4.6a-2-28,4.6a-2-28,776
Cities 2020,4.6a-5-9,4.6a-5-9,776
Cities 2020,4.6a-1-9,4.6a-1-9,776
Cities 2020,6.5-4,6.5-4,1629
Cities 2020,3.2a-5,3.2a-5,971
Cities 2020,4.6a-4-4,4.6a-4-4,776
Cities 2020,4.6a-3-6,4.6a-3-6,776
Cities 2020,4.6a-5-2,4.6a-5-2,776
Cities 2020,4.6a-1-30,4.6a-1-30,776
Cities 2020,4.4-0,4.4-0,2111
Cities 2020,4.6a-4-23,4.6a-4-23,776
Cities 2020,4.6a-6-1,4.6a-6-1,776
Cities 2020,9.1-3-3,9.1-3-3,776
Cities 2020,4.6a-7-11,4.6a-7-11,776
Cities 2020,14.2a-3,14.2a-3,1780
Cities 2020,4.6b-1-12,4.6b-1-12,776
Cities 2020,4.6a-5-27,4.6a-5-27,776
Cities 2020,9.1-1-4,9.1-1-4,776
Cities 2020,4.6a-1-27,4.6a-1-27,776
Cities 2020,4.6a-5-5,4.6a-5-5,776
Cities 2020,5.0d-6,5.0d-5,1020
Cities 2020,4.6a-6-8,4.6a-6-8,776
Cities 2020,4.6d-2,4.6e-2,875
Cities 2020,8.2-1-3,8.4-1-4,776
Cities 2020,4.6a-1-25,4.6a-1-25,776
Cities 2020,4.6a-3-3,4.6a-3-3,776
Cities 2020,13.3-1-4,13.3-1-4,776
Cities 2020,5.0a-1,5.0a-1,1162
Cities 2020,4.6d-1,4.6d-1,961
Cities 2020,5.0c-10,5.0c-9,1015
Cities 2020,4.6c-8-1,4.6c-8-1,776
Cities 2020,2.0b-2,2.0b-2,1125
Cities 2020,4.6a-2-13,4.6a-2-13,776
Cities 2020,6.5-7,6.5-7,1629
Cities 2020,4.6a-6-15,4.6a-6-15,776
Cities 2020,4.6a-4-10,4.6a-4-10,776
Cities 2020,4.6a-4-31,4.6a-4-31,776
Cities 2020,4.6a-4-15,4.6a-4-15,776
Cities 2020,13.3-1-6,13.3-1-6,776
Cities 2020,4.6b-1-2,4.6b-1-2,776
Cities 2020,4.6a-6-9,4.6a-6-9,776
Cities 2020,5.0a-6,5.0a-5,1162
Cities 2020,14.1-0,14.1-0,776
Cities 2020,4.6a-4-5,4.6a-4-5,776
Cities 2020,4.6a-4-9,4.6a-4-9,776
Cities 2020,2.0b-4,2.0b-4,1125
Cities 2020,4.6a-1-17,4.6a-1-17,776
Cities 2020,4.6a-6-17,4.6a-6-17,776
Cities 2020,10.3-1-3,10.4-1-3,776
Cities 2020,5.0d-5,5.0d-4,1020
Cities 2020,4.6a-5-29,4.6a-5-29,776
Cities 2020,4.6a-5-25,4.6a-5-25,776
Cities 2020,4.6a-6-6,4.6a-6-6,776
Cities 2020,4.6a-1-18,4.6a-1-18,776
Cities 2020,4.6a-1-31,4.6a-1-31,776
Cities 2020,4.6a-5-15,4.6a-5-15,776
Cities 2020,5.0c-11,5.0c-10,1015
Cities 2020,5.0d-9,5.0d-8,1020
Cities 2020,2.1-5,2.1-5,10283
Cities 2020,4.6a-1-20,4.6a-1-20,776
Cities 2020,4.6a-7-18,4.6a-7-18,776
Cities 2020,4.6b-1-6,4.6b-1-6,776
Cities 2020,10.3-1-1,10.4-1-1,776
Cities 2020,4.9-1-1,4.9-1-1,776
Cities 2020,6.5-3,6.5-3,1629
Cities 2020,5.0c-8,5.0c-7,1015
Cities 2020,5.0a-7,5.0a-6,1162
Cities 2020,4.6a-6-11,4.6a-6-11,776
Cities 2020,6.0-1,6.0-1,2846
Cities 2020,4.6a-2-8,4.6a-2-8,776
Cities 2020,4.6a-1-16,4.6a-1-16,776
Cities 2020,4.6a-4-6,4.6a-4-6,776
Cities 2020,4.6a-7-4,4.6a-7-4,776
Cities 2020,4.6a-3-7,4.6a-3-7,776
Cities 2020,0.6-1-1,0.6-1-1,776
Cities 2020,4.6b-1-13,4.6b-1-13,776
Cities 2020,4.6a-2-26,4.6a-2-26,776
Cities 2020,4.6a-7-6,4.6a-7-6,776
Cities 2020,14.3-4,14.3-4,1707
Cities 2020,4.6a-6-22,4.6a-6-22,776
Cities 2020,10.3-4-2,10.4-4-2,776
Cities 2020,5.0b-5,5.0b-4,989
Cities 2020,4.6a-7-25,4.6a-7-25,776
Cities 2020,4.6a-4-12,4.6a-4-12,776
Cities 2020,4.6a-1-28,4.6a-1-28,776
Cities 2020,4.6a-5-16,4.6a-5-16,776
Cities 2020,4.6a-7-12,4.6a-7-12,776
Cities 2020,4.6a-1-6,4.6a-1-6,776
Cities 2020,5.0d-3,5.0d-3,1020
Cities 2020,6.2-0,6.2-0,776
Cities 2020,4.6a-3-1,4.6a-3-1,776
Cities 2020,7.7-0,7.7-0,776
Cities 2020,8.1-8-1,8.1-8-1,776
Cities 2020,10.3-2-1,10.4-2-1,776
Cities 2020,4.6a-5-26,4.6a-5-26,776
Cities 2020,4.6a-2-18,4.6a-2-18,776
Cities 2020,4.6a-7-9,4.6a-7-9,776
Cities 2020,4.6a-4-16,4.6a-4-16,776
Cities 2020,10.3-1-5,10.4-1-5,776
Cities 2020,4.6a-3-9,4.6a-3-9,776
Cities 2020,4.6a-4-25,4.6a-4-25,776
Cities 2020,10.3-2-5,10.4-2-5,776
Cities 2020,5.0c-5,5.0c-4,1015
Cities 2020,4.6c-13-1,4.6c-13-1,776
Cities 2020,4.6a-2-22,4.6a-2-22,776
Cities 2020,10.1-7-1,10.1-7-1,776
Cities 2020,4.6b-1-15,4.6b-1-15,776
Cities 2020,4.6a-5-18,4.6a-5-18,776
Cities 2020,4.6a-4-19,4.6a-4-19,776
Cities 2020,10.1-3-1,10.1-3-1,776
Cities 2020,5.0d-10,5.0d-9,1020
Cities 2020,4.6b-1-5,4.6b-1-5,776
Cities 2020,10.3-5-3,10.4-5-3,776
Cities 2020,3.0-1,3.0-1,3546
Cities 2020,4.6a-4-18,4.6a-4-18,776
Cities 2020,2.1-9,2.1-9,3641
Cities 2020,0.5-2-1,0.5-2-1,776
Cities 2020,5.0a-8,5.0a-7,1162
Cities 2020,4.6a-5-14,4.6a-5-14,776
Cities 2020,13.3-1-2,13.3-1-2,776
Cities 2020,5.0c-1,5.0c-1,1015
Cities 2020,3.3-1,3.3-1,1933
Cities 2020,14.2a-2,14.2a-2,1780
Cities 2020,4.6a-6-3,4.6a-6-3,776
Cities 2020,4.6a-3-20,4.6a-3-20,776
Cities 2020,4.6a-2-9,4.6a-2-9,776
Cities 2020,4.6a-7-8,4.6a-7-8,776
Cities 2020,4.6a-4-11,4.6a-4-11,776
Cities 2020,4.6a-5-13,4.6a-5-13,776
Cities 2020,10.3-4-1,10.4-4-1,776
Cities 2020,4.6a-6-18,4.6a-6-18,776
Cities 2020,4.6a-5-20,4.6a-5-20,776
Cities 2020,4.6a-5-4,4.6a-5-4,776
Cities 2020,4.6a-6-5,4.6a-6-5,776
Cities 2020,10.3-3-4,10.4-3-4,776
Cities 2020,4.6a-2-1,4.6a-2-1,776
Cities 2020,4.6a-2-7,4.6a-2-7,776
Cities 2020,2.1-4,2.1-4,3641
Cities 2020,4.6a-3-10,4.6a-3-10,776
Cities 2020,4.6c-1-1,4.6c-1-1,776
Cities 2020,4.6a-7-15,4.6a-7-15,776
Cities 2020,10.3-2-3,10.4-2-3,776
Cities 2020,5.0c-6,5.0c-5,1015
Cities 2020,4.6a-1-26,4.6a-1-26,776
Cities 2020,4.6a-3-14,4.6a-3-14,776
Cities 2020,4.6d-3,4.6f-3,898
Cities 2020,5.0c-9,5.0c-8,1015
Cities 2020,2.0-0,2.0-0,776
Cities 2020,4.6a-5-17,4.6a-5-17,776
Cities 2020,4.6b-1-4,4.6b-1-4,776
Cities 2020,4.6d-2,4.6d-2,961
Cities 2020,4.6a-2-30,4.6a-2-30,776
Cities 2020,4.6b-1-8,4.6b-1-8,776
Cities 2020,4.6a-1-4,4.6a-1-4,776
Cities 2020,4.6a-6-20,4.6a-6-20,776
Cities 2020,4.6a-3-12,4.6a-3-12,776
Cities 2020,4.6a-7-27,4.6a-7-27,776
Cities 2020,7.6-4-1,7.6-4-1,776
Cities 2020,4.6a-7-30,4.6a-7-30,776
Cities 2020,10.3-4-5,10.4-4-5,776
Cities 2020,5.4-8,5.4-6,4146
Cities 2020,10.3-4-3,10.4-4-3,776
Cities 2020,4.6d-4,4.6f-4,898
Cities 2020,5.0d-11,5.0d-10,1020
Cities 2020,10.3-5-5,10.4-5-5,776
Cities 2020,4.6a-6-12,4.6a-6-12,776
Cities 2020,4.6a-5-12,4.6a-5-12,776
Cities 2020,4.6a-5-28,4.6a-5-28,776
Cities 2020,6.13-1-1,6.15-1-1,776
Cities 2020,4.6a-2-15,4.6a-2-15,776
Cities 2020,4.6a-6-7,4.6a-6-7,776
Cities 2020,4.6a-1-22,4.6a-1-22,776
Cities 2020,4.6a-4-30,4.6a-4-30,776
Cities 2020,2.0b-7,2.0b-7,1125
Cities 2020,7.2-0,7.2-0,776
Cities 2020,4.6a-6-25,4.6a-6-25,776
Cities 2020,4.6a-5-7,4.6a-5-7,776
Cities 2020,5.0c-12,5.0c-11,1015
Cities 2020,4.6a-4-22,4.6a-4-22,776
Cities 2020,4.6a-6-10,4.6a-6-10,776
Cities 2020,4.6a-4-27,4.6a-4-27,776
Cities 2020,4.6a-7-20,4.6a-7-20,776
Cities 2020,4.6a-2-16,4.6a-2-16,776
Cities 2020,4.6a-4-14,4.6a-4-14,776
Cities 2020,2.2-2,2.2-2,3186
Cities 2020,4.6a-5-11,4.6a-5-11,776
Cities 2020,8.1-11-1,8.1-10-1,776
Cities 2020,5.0b-3,5.0b-3,989
Cities 2020,4.6a-3-2,4.6a-3-2,776
Cities 2020,11.0-0,11.0-0,776
Cities 2020,4.6d-4,4.6d-4,961
Cities 2020,5.0c-7,5.0c-6,1015
Cities 2020,8.1-7-1,8.1-7-1,776
Cities 2020,5.0b-1,5.0b-1,989
Cities 2020,4.6b-1-14,4.6b-1-14,776
Cities 2020,3.2a-1,3.2a-1,971
Cities 2020,3.3-4,3.3-4,1933
Cities 2020,9.1-3-1,9.1-3-1,776
Cities 2020,13.3-1-1,13.3-1-1,776
Cities 2020,4.6a-2-11,4.6a-2-11,776
Cities 2020,4.6a-4-8,4.6a-4-8,776
Cities 2020,4.6a-2-20,4.6a-2-20,776
Cities 2020,3.0-2,3.0-2,3546
Cities 2020,4.6a-4-17,4.6a-4-17,776
Cities 2020,8.1-5-1,8.1-5-1,776
Cities 2020,4.6b-1-16,4.6b-1-16,776
Cities 2020,3.2-0,3.2-0,776
Cities 2020,4.6a-3-15,4.6a-3-15,776
Cities 2020,6.2a-3,6.2a-3,1623
Cities 2020,14.2a-5,14.2a-5,1780
Cities 2020,5.0a-3,5.0a-3,1162
Cities 2020,4.6c-3-1,4.6c-3-1,776
Cities 2020,2.0b-6,2.0b-6,1125
Cities 2020,4.6a-3-27,4.6a-3-27,776
Cities 2020,8.1-4-1,8.1-4-1,776
Cities 2020,10.3-2-4,10.4-2-4,776
Cities 2020,4.6b-1-7,4.6b-1-7,776
Cities 2020,10.3-5-2,10.4-5-2,776
Cities 2020,4.6a-7-5,4.6a-7-5,776
Cities 2020,4.6a-6-29,4.6a-6-29,776
Cities 2020,4.6a-2-4,4.6a-2-4,776
Cities 2020,4.6a-4-3,4.6a-4-3,776
Cities 2020,4.6a-4-26,4.6a-4-26,776
Cities 2020,4.6a-2-23,4.6a-2-23,776
Cities 2020,4.6a-1-1,4.6a-1-1,776
Cities 2020,4.6a-7-22,4.6a-7-22,776
Cities 2020,9.1-1-3,9.1-1-3,776
Cities 2020,10.1-1-1,10.1-1-1,776
Cities 2020,4.6a-6-26,4.6a-6-26,776
Cities 2020,4.6a-6-4,4.6a-6-4,776
Cities 2020,5.0d-7,5.0d-6,1020
Cities 2020,4.6a-2-31,4.6a-2-31,776
Cities 2020,4.6a-5-23,4.6a-5-23,776
Cities 2020,3.2a-3,3.2a-3,4141
Cities 2020,5.0d-8,5.0d-7,1020
Cities 2020,4.6a-2-27,4.6a-2-27,776
Cities 2020,4.6a-4-28,4.6a-4-28,776
Cities 2020,8.0a-4,8.0a-4,885
Cities 2020,4.6a-1-2,4.6a-1-2,776
Cities 2020,8.0a-3,8.0a-2,885
Cities 2020,4.6a-1-23,4.6a-1-23,776
Cities 2020,4.6a-3-17,4.6a-3-17,776
Cities 2020,10.3-5-4,10.4-5-4,776
Cities 2020,4.6a-3-16,4.6a-3-16,776
Cities 2020,4.6a-6-30,4.6a-6-30,776
Cities 2020,4.6d-1,4.6e-1,875
Cities 2020,2.1-6,2.1-6,14958
Cities 2020,4.6a-1-29,4.6a-1-29,776
Cities 2020,5.0a-9,5.0a-8,1162
Cities 2020,4.6a-2-5,4.6a-2-5,776
Cities 2020,4.6a-3-18,4.6a-3-18,776
Cities 2020,4.6a-1-10,4.6a-1-10,776
Cities 2020,4.6a-4-1,4.6a-4-1,776
Cities 2020,9.1-1-2,9.1-1-2,776
Cities 2020,4.6a-3-30,4.6a-3-30,776
Cities 2020,4.6b-1-1,4.6b-1-1,776
Cities 2020,4.6a-3-13,4.6a-3-13,776
Cities 2020,4.6a-2-10,4.6a-2-10,776
Cities 2020,5.0b-8,5.0b-6,989
Cities 2020,4.6a-5-10,4.6a-5-10,776
Cities 2020,7.7a-2,7.7a-2,960
Cities 2020,4.6a-3-29,4.6a-3-29,776
Cities 2020,3.0-4,3.0-4,3546
Cities 2020,8.0-0,8.0-0,776
Cities 2020,4.6b-1-9,4.6b-1-9,776
Cities 2020,4.6a-5-19,4.6a-5-19,776
Cities 2020,4.6a-3-25,4.6a-3-25,776
Cities 2020,7.0-0,7.0-0,776
Cities 2020,4.6a-3-8,4.6a-3-8,776
Cities 2020,5.0b-10,5.0b-8,989
Cities 2020,5.5-0,5.5-0,776
Cities 2020,9.1-3-2,9.1-3-2,776
Cities 2020,4.6a-6-16,4.6a-6-16,776
Cities 2020,4.6a-5-31,4.6a-5-31,776
Cities 2020,3.0-8,3.0-8,3546
Cities 2020,4.6a-1-8,4.6a-1-8,776
Cities 2020,13.2-0,13.2-0,776
Cities 2020,7.4-0,7.4-0,946
Cities 2020,4.0-0,4.0-0,776
Cities 2020,10.1-6-1,10.1-6-1,776
Cities 2020,10.3-1-4,10.4-1-4,776
Cities 2020,4.6b-1-10,4.6b-1-10,776
Cities 2020,4.6a-7-10,4.6a-7-10,776
Cities 2020,4.6a-3-22,4.6a-3-22,776
Cities 2020,10.3-1-2,10.4-1-2,776
Cities 2020,8.1-6-1,8.1-6-1,776
Cities 2020,4.6a-7-19,4.6a-7-19,776
Cities 2020,4.6a-7-2,4.6a-7-2,776
Cities 2020,4.6a-7-14,4.6a-7-14,776
Cities 2020,4.6a-4-29,4.6a-4-29,776
Cities 2020,4.6b-1-3,4.6b-1-3,776
Cities 2020,4.6a-2-19,4.6a-2-19,776
Cities 2020,2.1-8,2.1-8,3641
Cities 2020,4.6a-7-17,4.6a-7-17,776
Cities 2020,4.6a-3-4,4.6a-3-4,776
Cities 2020,13.3-1-3,13.3-1-3,776
Cities 2020,4.6a-7-23,4.6a-7-23,776
Cities 2020,5.0d-1,5.0d-1,1020
Cities 2020,4.6a-6-31,4.6a-6-31,776
Cities 2020,2.2-4,2.2-4,3186
Cities 2020,4.6a-1-5,4.6a-1-5,776
Cities 2020,10.3-3-1,10.4-3-1,776
Cities 2020,4.6d-4,4.6e-4,875
Cities 2020,4.6a-6-13,4.6a-6-13,776
Cities 2020,4.6d-1,4.6f-1,898
Cities 2020,5.0a-5,5.0a-4,1162
Cities 2020,4.6a-2-29,4.6a-2-29,776
Cities 2020,2.1-3,2.1-3,3641
Cities 2020,4.6a-5-6,4.6a-5-6,776
Cities 2020,9.1-3-4,9.1-3-4,776
Cities 2020,4.6a-3-26,4.6a-3-26,776
Cities 2020,4.6d-3,4.6e-3,875
Cities 2020,4.6b-1-17,4.6b-1-17,776
Cities 2020,4.6a-3-23,4.6a-3-23,776
Cities 2020,4.6a-4-7,4.6a-4-7,776
Cities 2020,4.6a-2-25,4.6a-2-25,776
Cities 2020,3.2a-9,3.2a-9,971
Cities 2020,6.0-2,6.0-2,2846
Cities 2020,4.6a-6-14,4.6a-6-14,776
Cities 2020,4.6a-6-2,4.6a-6-2,776
Cities 2020,7.3-1-1,7.3-1-1,776
Cities 2020,4.6a-5-8,4.6a-5-8,776
Cities 2020,4.6b-1-11,4.6b-1-11,776
Cities 2020,4.6a-2-2,4.6a-2-2,776
Cities 2020,4.6a-5-3,4.6a-5-3,776
Cities 2020,4.6d-2,4.6f-2,898
Cities 2020,0.5-3-1,0.5-3-1,776
Cities 2020,2.2-1,2.2-1,3186
Cities 2020,14.0-0,14.0-0,1167
Cities 2020,4.6a-5-22,4.6a-5-22,776
Cities 2020,4.6a-2-12,4.6a-2-12,776
Cities 2020,4.6a-1-3,4.6a-1-3,776
Cities 2020,10.3-4-4,10.4-4-4,776
Cities 2020,5.4-7,5.4-5,4146
Cities 2020,8.0a-6,8.0a-6,885
Cities 2020,2.1-7,2.1-7,11917
Cities 2020,4.6a-2-3,4.6a-2-3,776
Cities 2020,5.0b-7,5.0b-5,989
Cities 2020,4.6a-1-14,4.6a-1-14,776
Cities 2020,10.3-2-2,10.4-2-2,776
Cities 2020,0.1-1-1,0.1-1-1,776
Cities 2020,6.2a-1,6.2a-1,1623
Cities 2020,4.6a-3-11,4.6a-3-11,776
Cities 2020,4.6a-6-28,4.6a-6-28,776
Cities 2021,4.6b-1-5,4.6b-1-5,1070
Cities 2021,10.3-2-4,10.3-2-4,1070
Cities 2021,9.1-1-1,9.1-1-1,1070
Cities 2021,4.6a-5-15,4.6a-5-15,1070
Cities 2021,6.0-2,6.0-2,3965
Cities 2021,4.6a-2-26,4.6a-2-26,1070
Cities 2021,14.3-2,14.3-2,2222
Cities 2021,10.3-1-1,10.3-1-1,1070
Cities 2021,4.6a-2-22,4.6a-2-22,1070
Cities 2021,4.6a-4-19,4.6a-4-19,1070
Cities 2021,8.1-8-1,8.1-8-1,1070
Cities 2021,4.6a-3-30,4.6a-3-30,1070
Cities 2021,4.6b-1-14,4.6b-1-14,1070
Cities 2021,2.1-1,2.1-1,4163
Cities 2021,4.6a-5-27,4.6a-5-27,1070
Cities 2021,4.6a-3-26,4.6a-3-26,1070
Cities 2021,10.3-1-3,10.3-1-3,1070
Cities 2021,5.0a-3,5.0a-3,1531
Cities 2021,4.6a-5-7,4.6a-5-7,1070
Cities 2021,4.6c-8-1,4.6c-8-1,1070
Cities 2021,5.0b-3,5.0b-3,1306
Cities 2021,4.6a-1-7,4.6a-1-7,1070
Cities 2021,4.6a-5-1,4.6a-5-1,1070
Cities 2021,4.6a-3-15,4.6a-3-15,1070
Cities 2021,8.1-2-1,8.1-2-1,1070
Cities 2021,4.6a-7-19,4.6a-7-19,1070
Cities 2021,4.6a-6-4,4.6a-6-4,1070
Cities 2021,4.6a-3-8,4.6a-3-8,1070
Cities 2021,4.6b-1-16,4.6b-1-16,1070
Cities 2021,5.0d-3,5.0d-3,1345
Cities 2021,4.6a-5-3,4.6a-5-3,1070
Cities 2021,4.6a-6-23,4.6a-6-23,1070
Cities 2021,5.0d-6,5.0d-6,1345
Cities 2021,10.1-4-1,10.1-4-1,1070
Cities 2021,5.0d-1,5.0d-1,1345
Cities 2021,4.6a-6-26,4.6a-6-26,1070
Cities 2021,3.0-2,3.0-2,4858
Cities 2021,4.6a-7-22,4.6a-7-22,1070
Cities 2021,3.2a-6,3.2a-6,1381
Cities 2021,4.6a-3-9,4.6a-3-9,1070
Cities 2021,4.6a-1-28,4.6a-1-28,1070
Cities 2021,4.6a-1-26,4.6a-1-26,1070
Cities 2021,3.3-3,3.3-3,2996
Cities 2021,4.6a-6-11,4.6a-6-11,1070
Cities 2021,10.3-1-2,10.3-1-2,1070
Cities 2021,4.6a-7-15,4.6a-7-15,1070
Cities 2021,4.6a-1-3,4.6a-1-3,1070
Cities 2021,4.6a-6-1,4.6a-6-1,1070
Cities 2021,4.6a-2-31,4.6a-2-31,1070
Cities 2021,4.6a-2-12,4.6a-2-12,1070
Cities 2021,2.0-0,2.0-0,1070
Cities 2021,4.6a-6-2,4.6a-6-2,1070
Cities 2021,5.0c-9,5.0c-9,1322
Cities 2021,4.0-0,4.0-0,1070
Cities 2021,4.6a-7-20,4.6a-7-20,1070
Cities 2021,4.6a-3-20,4.6a-3-20,1070
Cities 2021,10.3-2-1,10.3-2-1,1070
Cities 2021,2.0b-6,2.0b-6,1529
Cities 2021,4.6d-4,4.6d-4,1318
Cities 2021,5.0c-3,5.0c-3,1322
Cities 2021,13.3-1-2,13.3-1-2,1070
Cities 2021,13.3-1-4,13.3-1-4,1070
Cities 2021,4.6d-2,4.6e-2,1176
Cities 2021,9.1-1-2,9.1-1-2,1070
Cities 2021,5.0d-5,5.0d-5,1345
Cities 2021,13.3-1-1,13.3-1-1,1070
Cities 2021,4.6a-4-10,4.6a-4-10,1070
Cities 2021,4.6a-6-25,4.6a-6-25,1070
Cities 2021,4.6a-3-28,4.6a-3-28,1070
Cities 2021,14.1-0,14.1-0,1070
Cities 2021,5.0d-7,5.0d-7,1345
Cities 2021,4.6a-1-8,4.6a-1-8,1070
Cities 2021,10.3-5-2,10.3-5-2,1070
Cities 2021,2.0b-2,2.0b-2,1529
Cities 2021,10.3-4-4,10.3-4-4,1070
Cities 2021,2.1-5,2.1-5,12672
Cities 2021,4.6a-5-26,4.6a-5-26,1070
Cities 2021,4.6b-1-11,4.6b-1-11,1070
Cities 2021,3.3-4,3.3-4,2996
Cities 2021,4.6a-7-5,4.6a-7-5,1070
Cities 2021,10.1-1-1,10.1-1-1,1070
Cities 2021,4.6a-7-4,4.6a-7-4,1070
Cities 2021,7.0-0,7.0-0,1070
Cities 2021,10.1-2-1,10.1-2-1,1070
Cities 2021,4.6a-6-6,4.6a-6-6,1070
Cities 2021,4.6c-3-1,4.6c-3-1,1070
Cities 2021,4.6a-6-22,4.6a-6-22,1070
Cities 2021,4.6a-2-13,4.6a-2-13,1070
Cities 2021,4.6a-3-19,4.6a-3-19,1070
Cities 2021,4.6b-1-6,4.6b-1-6,1070
Cities 2021,10.3-2-2,10.3-2-2,1070
Cities 2021,5.0c-8,5.0c-8,1322
Cities 2021,0.4-0,0.4-0,1070
Cities 2021,4.6a-1-22,4.6a-1-22,1070
Cities 2021,4.6b-1-7,4.6b-1-7,1070
Cities 2021,3.2a-9,3.2a-9,1381
Cities 2021,10.3-3-1,10.3-3-1,1070
Cities 2021,4.6a-7-8,4.6a-7-8,1070
Cities 2021,4.6a-6-9,4.6a-6-9,1070
Cities 2021,10.3-2-5,10.3-2-5,1070
Cities 2021,8.1-1-1,8.1-1-1,1070
Cities 2021,4.6a-1-13,4.6a-1-13,1070
Cities 2021,4.6a-1-10,4.6a-1-10,1070
Cities 2021,4.6a-4-14,4.6a-4-14,1070
Cities 2021,2.1-9,2.1-9,4163
Cities 2021,10.3-4-2,10.3-4-2,1070
Cities 2021,4.6a-5-14,4.6a-5-14,1070
Cities 2021,3.0-1,3.0-1,4858
Cities 2021,4.6a-2-2,4.6a-2-2,1070
Cities 2021,4.6a-5-22,4.6a-5-22,1070
Cities 2021,4.6d-3,4.6e-3,1176
Cities 2021,4.6a-3-11,4.6a-3-11,1070
Cities 2021,4.6a-6-15,4.6a-6-15,1070
Cities 2021,4.6a-1-31,4.6a-1-31,1070
Cities 2021,10.3-5-1,10.3-5-1,1070
Cities 2021,7.7a-2,7.7a-2,1272
Cities 2021,4.6a-4-7,4.6a-4-7,1070
Cities 2021,4.6a-7-27,4.6a-7-27,1070
Cities 2021,4.6a-1-20,4.6a-1-20,1070
Cities 2021,8.0a-9,8.0a-9,1281
Cities 2021,4.6a-3-17,4.6a-3-17,1070
Cities 2021,4.6a-3-10,4.6a-3-10,1070
Cities 2021,4.6a-6-13,4.6a-6-13,1070
Cities 2021,5.0c-13,5.0c-13,1322
Cities 2021,4.6a-4-16,4.6a-4-16,1070
Cities 2021,4.6a-6-19,4.6a-6-19,1070
Cities 2021,4.6a-7-13,4.6a-7-13,1070
Cities 2021,4.6a-6-3,4.6a-6-3,1070
Cities 2021,4.6d-3,4.6f-3,1507
Cities 2021,4.6a-3-5,4.6a-3-5,1070
Cities 2021,5.4-7,5.4-7,6814
Cities 2021,14.2a-1,14.2a-1,2349
Cities 2021,4.6a-1-16,4.6a-1-16,1070
Cities 2021,10.3-3-5,10.3-3-5,1070
Cities 2021,4.6a-5-25,4.6a-5-25,1070
Cities 2021,5.4-8,5.4-8,6814
Cities 2021,4.6a-1-6,4.6a-1-6,1070
Cities 2021,5.0b-8,5.0b-8,1306
Cities 2021,2.0b-4,2.0b-4,1529
Cities 2021,4.6a-1-30,4.6a-1-30,1070
Cities 2021,8.0-0,8.0-0,1070
Cities 2021,5.0c-5,5.0c-5,1322
Cities 2021,4.6a-2-9,4.6a-2-9,1070
Cities 2021,4.6a-2-30,4.6a-2-30,1070
Cities 2021,4.6d-4,4.6f-4,1507
Cities 2021,4.6b-1-2,4.6b-1-2,1070
Cities 2021,4.6a-4-15,4.6a-4-15,1070
Cities 2021,5.0d-10,5.0d-10,1345
Cities 2021,4.6a-3-6,4.6a-3-6,1070
Cities 2021,5.0b-5,5.0b-5,1306
Cities 2021,14.3-4,14.3-4,2222
Cities 2021,4.6a-5-9,4.6a-5-9,1070
Cities 2021,5.0a-1,5.0a-1,1531
Cities 2021,6.5-9,6.5-9,2156
Cities 2021,5.0d-8,5.0d-8,1345
Cities 2021,4.6a-7-26,4.6a-7-26,1070
Cities 2021,4.6a-7-23,4.6a-7-23,1070
Cities 2021,5.0c-7,5.0c-7,1322
Cities 2021,4.6a-1-23,4.6a-1-23,1070
Cities 2021,4.6a-2-28,4.6a-2-28,1070
Cities 2021,4.6a-1-5,4.6a-1-5,1070
Cities 2021,4.6a-4-2,4.6a-4-2,1070
Cities 2021,5.0a-9,5.0a-9,1531
Cities 2021,10.3-1-4,10.3-1-4,1070
Cities 2021,4.6a-2-25,4.6a-2-25,1070
Cities 2021,4.9-1-1,4.9-1-1,1070
Cities 2021,4.6b-1-10,4.6b-1-10,1070
Cities 2021,4.6a-4-11,4.6a-4-11,1070
Cities 2021,4.6b-1-12,4.6b-1-12,1070
Cities 2021,9.1-1-3,9.1-1-3,1070
Cities 2021,4.6a-7-25,4.6a-7-25,1070
Cities 2021,0.5-3-1,0.5-3-1,1070
Cities 2021,8.1-11-1,8.1-11-1,1070
Cities 2021,10.3-3-4,10.3-3-4,1070
Cities 2021,2.2-4,2.2-4,4141
Cities 2021,9.1-3-2,9.1-3-2,1070
Cities 2021,4.6a-5-12,4.6a-5-12,1070
Cities 2021,5.0a-7,5.0a-7,1531
Cities 2021,0.5-2-1,0.5-2-1,1070
Cities 2021,4.6a-6-18,4.6a-6-18,1070
Cities 2021,10.3-3-3,10.3-3-3,1070
Cities 2021,4.6a-1-12,4.6a-1-12,1070
Cities 2021,4.6a-3-16,4.6a-3-16,1070
Cities 2021,8.0a-7,8.0a-7,1281
Cities 2021,4.6a-3-14,4.6a-3-14,1070
Cities 2021,8.0a-3,8.0a-3,1281
Cities 2021,4.6a-1-9,4.6a-1-9,1070
Cities 2021,4.6a-2-7,4.6a-2-7,1070
Cities 2021,4.6a-4-27,4.6a-4-27,1070
Cities 2021,4.6a-5-30,4.6a-5-30,1070
Cities 2021,4.6a-1-29,4.6a-1-29,1070
Cities 2021,4.6a-1-19,4.6a-1-19,1070
Cities 2021,8.1-5-1,8.1-5-1,1070
Cities 2021,4.6a-3-4,4.6a-3-4,1070
Cities 2021,9.1-3-4,9.1-3-4,1070
Cities 2021,5.0c-12,5.0c-12,1322
Cities 2021,8.2-1-3,8.2-1-3,1070
Cities 2021,3.2-0,3.2-0,1070
Cities 2021,4.6a-1-17,4.6a-1-17,1070
Cities 2021,4.6a-5-29,4.6a-5-29,1070
Cities 2021,4.6a-3-7,4.6a-3-7,1070
Cities 2021,4.6a-6-14,4.6a-6-14,1070
Cities 2021,4.6a-7-10,4.6a-7-10,1070
Cities 2021,5.0b-10,5.0b-10,1306
Cities 2021,2.1-6,2.1-6,18176
Cities 2021,3.2a-1,3.2a-1,1381
Cities 2021,4.6a-3-23,4.6a-3-23,1070
Cities 2021,4.6a-7-3,4.6a-7-3,1070
Cities 2021,8.1-7-1,8.1-7-1,1070
Cities 2021,10.1-3-1,10.1-3-1,1070
Cities 2021,4.6a-7-1,4.6a-7-1,1070
Cities 2021,7.6-2-1,7.6-2-1,1070
Cities 2021,4.6a-2-10,4.6a-2-10,1070
Cities 2021,9.1-3-3,9.1-3-3,1070
Cities 2021,4.6a-2-16,4.6a-2-16,1070
Cities 2021,4.6a-5-20,4.6a-5-20,1070
Cities 2021,8.0a-6,8.0a-6,1281
Cities 2021,4.6a-7-31,4.6a-7-31,1070
Cities 2021,4.6a-5-2,4.6a-5-2,1070
Cities 2021,4.6a-5-18,4.6a-5-18,1070
Cities 2021,10.1-9-1,10.1-9-1,1070
Cities 2021,10.3-4-1,10.3-4-1,1070
Cities 2021,4.4-0,4.4-0,2901
Cities 2021,0.6-1-1,0.6-1-1,1070
Cities 2021,5.0a-11,5.0a-11,1531
Cities 2021,4.6a-7-30,4.6a-7-30,1070
Cities 2021,4.6a-6-17,4.6a-6-17,1070
Cities 2021,0.1-1-1,0.1-1-1,1070
Cities 2021,10.3-5-4,10.3-5-4,1070
Cities 2021,4.6a-1-4,4.6a-1-4,1070
Cities 2021,10.3-4-3,10.3-4-3,1070
Cities 2021,3.0-8,3.0-8,4858
Cities 2021,4.6d-1,4.6f-1,1507
Cities 2021,4.6a-3-29,4.6a-3-29,1070
Cities 2021,8.1-6-1,8.1-6-1,1070
Cities 2021,14.0-0,14.0-0,1601
Cities 2021,4.6b-1-8,4.6b-1-8,1070
Cities 2021,4.6a-4-26,4.6a-4-26,1070
Cities 2021,10.3-3-2,10.3-3-2,1070
Cities 2021,4.6a-4-23,4.6a-4-23,1070
Cities 2021,4.6a-5-16,4.6a-5-16,1070
Cities 2021,4.6a-5-17,4.6a-5-17,1070
Cities 2021,8.0a-4,8.0a-4,1281
Cities 2021,4.6c-13-1,4.6c-13-1,1070
Cities 2021,4.6a-7-2,4.6a-7-2,1070
Cities 2021,13.3-1-6,13.3-1-6,1070
Cities 2021,4.6a-3-2,4.6a-3-2,1070
Cities 2021,11.0-0,11.0-0,1070
Cities 2021,4.6a-7-18,4.6a-7-18,1070
Cities 2021,4.6a-5-4,4.6a-5-4,1070
Cities 2021,4.6d-2,4.6d-2,1318
Cities 2021,4.6a-3-31,4.6a-3-31,1070
Cities 2021,3.3-1,3.3-1,2996
Cities 2021,7.6-4-1,7.6-4-1,1070
Cities 2021,4.6a-6-5,4.6a-6-5,1070
Cities 2021,7.2-0,7.2-0,1070
Cities 2021,7.7-0,7.7-0,1070
Cities 2021,4.6a-1-18,4.6a-1-18,1070
Cities 2021,4.6a-3-22,4.6a-3-22,1070
Cities 2021,2.0b-7,2.0b-7,1529
Cities 2021,8.1-9-1,8.1-9-1,1070
Cities 2021,10.3-5-3,10.3-5-3,1070
Cities 2021,4.6a-2-11,4.6a-2-11,1070
Cities 2021,4.6a-6-8,4.6a-6-8,1070
Cities 2021,2.2-1,2.2-1,4141
Cities 2021,2.2-2,2.2-2,4141
Cities 2021,6.2-0,6.2-0,1070
Cities 2021,4.6a-2-19,4.6a-2-19,1070
Cities 2021,4.6a-6-16,4.6a-6-16,1070
Cities 2021,4.6a-4-5,4.6a-4-5,1070
Cities 2021,4.6a-3-18,4.6a-3-18,1070
Cities 2021,4.6a-5-8,4.6a-5-8,1070
Cities 2021,4.6a-4-3,4.6a-4-3,1070
Cities 2021,5.0b-9,5.0b-9,1306
Cities 2021,4.6a-5-11,4.6a-5-11,1070
Cities 2021,4.6b-1-4,4.6b-1-4,1070
Cities 2021,4.6a-6-30,4.6a-6-30,1070
Cities 2021,5.0-0,5.0-0,1175
Cities 2021,13.3-1-5,13.3-1-5,1070
Cities 2021,4.6a-7-9,4.6a-7-9,1070
Cities 2021,5.0b-7,5.0b-7,1306
Cities 2021,14.3-1,14.3-1,2222
Cities 2021,4.6a-4-22,4.6a-4-22,1070
Cities 2021,4.6a-1-1,4.6a-1-1,1070
Cities 2021,6.2a-3,6.2a-3,2606
Cities 2021,4.6d-3,4.6d-3,1318
Cities 2021,4.6b-1-17,4.6b-1-17,1070
Cities 2021,4.6a-6-29,4.6a-6-29,1070
Cities 2021,4.6a-4-4,4.6a-4-4,1070
Cities 2021,4.6b-1-1,4.6b-1-1,1070
Cities 2021,4.6a-5-5,4.6a-5-5,1070
Cities 2021,6.0-1,6.0-1,3965
Cities 2021,4.6a-2-27,4.6a-2-27,1070
Cities 2021,4.6a-2-6,4.6a-2-6,1070
Cities 2021,13.3-1-3,13.3-1-3,1070
Cities 2021,5.0c-10,5.0c-10,1322
Cities 2021,5.0c-6,5.0c-6,1322
Cities 2021,9.1-3-1,9.1-3-1,1070
Cities 2021,4.6c-1-1,4.6c-1-1,1070
Cities 2021,4.6a-6-20,4.6a-6-20,1070
Cities 2021,10.3-4-5,10.3-4-5,1070
Cities 2021,4.6a-4-18,4.6a-4-18,1070
Cities 2021,4.6a-4-31,4.6a-4-31,1070
Cities 2021,4.6a-7-17,4.6a-7-17,1070
Cities 2021,10.3-2-3,10.3-2-3,1070
Cities 2021,10.1-7-1,10.1-7-1,1070
Cities 2021,4.6a-4-25,4.6a-4-25,1070
Cities 2021,4.6a-4-12,4.6a-4-12,1070
Cities 2021,14.2a-5,14.2a-5,2349
Cities 2021,4.6a-6-12,4.6a-6-12,1070
Cities 2021,10.3-5-5,10.3-5-5,1070
Cities 2021,4.6a-1-25,4.6a-1-25,1070
Cities 2021,4.6a-4-17,4.6a-4-17,1070
Cities 2021,4.6b-1-15,4.6b-1-15,1070
Cities 2021,6.5-7,6.5-7,2156
Cities 2021,4.6a-2-1,4.6a-2-1,1070
Cities 2021,2.1-11,2.1-11,4163
Cities 2021,4.6b-1-3,4.6b-1-3,1070
Cities 2021,4.6a-2-14,4.6a-2-14,1070
Cities 2021,4.6a-5-23,4.6a-5-23,1070
Cities 2021,5.0d-11,5.0d-11,1345
Cities 2021,10.3-1-5,10.3-1-5,1070
Cities 2021,2.1-7,2.1-7,15210
Cities 2021,4.6a-7-16,4.6a-7-16,1070
Cities 2021,4.6a-4-29,4.6a-4-29,1070
Cities 2021,2.1-4,2.1-4,4163
Cities 2021,9.1-1-4,9.1-1-4,1070
Cities 2021,4.6a-7-29,4.6a-7-29,1070
Cities 2021,4.6a-4-9,4.6a-4-9,1070
Cities 2021,4.6a-2-15,4.6a-2-15,1070
Cities 2021,4.6a-6-10,4.6a-6-10,1070
Cities 2021,6.13-1-1,6.13-1-1,1070
Cities 2021,5.0c-1,5.0c-1,1322
Cities 2021,3.2a-3,3.2a-3,5785
Cities 2021,8.1-3-1,8.1-3-1,1070
Cities 2021,4.6a-5-31,4.6a-5-31,1070
Cities 2021,4.6a-2-29,4.6a-2-29,1070
Cities 2021,4.6a-4-13,4.6a-4-13,1070
Cities 2021,4.6a-7-11,4.6a-7-11,1070
Cities 2021,4.6a-1-27,4.6a-1-27,1070
Cities 2021,5.5-0,5.5-0,1070
Cities 2021,4.6b-1-13,4.6b-1-13,1070
Cities 2021,5.0c-11,5.0c-11,1322
Cities 2021,4.6a-3-27,4.6a-3-27,1070
Cities 2021,4.6a-2-4,4.6a-2-4,1070
Cities 2021,4.6a-2-18,4.6a-2-18,1070
Cities 2021,4.6d-1,4.6e-1,1176
Cities 2021,13.2-0,13.2-0,1070
Cities 2021,4.6a-1-11,4.6a-1-11,1070
Cities 2021,2.1-8,2.1-8,4163
Cities 2021,4.6a-1-15,4.6a-1-15,1070
Cities 2021,4.6a-5-19,4.6a-5-19,1070
Cities 2021,4.6a-3-13,4.6a-3-13,1070
Cities 2021,4.6a-7-28,4.6a-7-28,1070
Cities 2021,4.6a-3-3,4.6a-3-3,1070
Cities 2021,7.4-0,7.4-0,1246
Cities 2021,4.6a-4-30,4.6a-4-30,1070
Cities 2021,6.5-3,6.5-3,2156
Cities 2021,4.6d-2,4.6f-2,1507
Cities 2021,4.6a-5-6,4.6a-5-6,1070
Cities 2021,4.6a-1-2,4.6a-1-2,1070
Cities 2021,4.6b-1-9,4.6b-1-9,1070
Cities 2021,7.3-1-1,7.3-1-1,1070
Cities 2021,14.2a-3,14.2a-3,2349
Cities 2021,4.6a-6-31,4.6a-6-31,1070
Cities 2021,4.6a-5-10,4.6a-5-10,1070
Cities 2021,10.1-6-1,10.1-6-1,1070
Cities 2021,4.6a-3-1,4.6a-3-1,1070
Cities 2021,4.6a-6-28,4.6a-6-28,1070
Cities 2021,6.2a-1,6.2a-1,2606
Cities 2021,4.6a-7-6,4.6a-7-6,1070
Cities 2021,7.6-3-1,7.6-3-1,1070
Cities 2021,4.6a-3-12,4.6a-3-12,1070
Cities 2021,14.2a-2,14.2a-2,2349
Cities 2021,5.0a-5,5.0a-5,1531
Cities 2021,2.1-3,2.1-3,4163
Cities 2021,5.0d-9,5.0d-9,1345
Cities 2021,4.6a-6-7,4.6a-6-7,1070
Cities 2021,3.0-4,3.0-4,4858
Cities 2021,4.6a-4-1,4.6a-4-1,1070
Cities 2021,4.6d-4,4.6e-4,1176
Cities 2021,4.6a-4-28,4.6a-4-28,1070
Cities 2021,4.6a-4-20,4.6a-4-20,1070
Cities 2021,4.6a-2-17,4.6a-2-17,1070
Cities 2021,5.0a-6,5.0a-6,1531
Cities 2021,4.6a-7-7,4.6a-7-7,1070
Cities 2021,10.1-5-1,10.1-5-1,1070
Cities 2021,4.6d-1,4.6d-1,1318
Cities 2021,4.6a-2-20,4.6a-2-20,1070
Cities 2021,4.6a-7-12,4.6a-7-12,1070
Cities 2021,4.6a-2-23,4.6a-2-23,1070
Cities 2021,4.6a-4-8,4.6a-4-8,1070
Cities 2021,6.5-4,6.5-4,2156
Cities 2021,4.6a-2-5,4.6a-2-5,1070
Cities 2021,4.6a-1-14,4.6a-1-14,1070
Cities 2021,4.6a-3-25,4.6a-3-25,1070
Cities 2021,4.6a-2-8,4.6a-2-8,1070
Cities 2021,3.2a-5,3.2a-5,1381
Cities 2021,4.6a-2-3,4.6a-2-3,1070
Cities 2021,4.6a-5-13,4.6a-5-13,1070
Cities 2021,8.1-4-1,8.1-4-1,1070
Cities 2021,4.6a-5-28,4.6a-5-28,1070
Cities 2021,4.6a-4-6,4.6a-4-6,1070
Cities 2021,5.0a-8,5.0a-8,1531
Cities 2021,5.0b-1,5.0b-1,1306
Cities 2021,4.6a-7-14,4.6a-7-14,1070
Cities 2021,4.6a-6-27,4.6a-6-27,1070
Cities 2022,3.2a-9,7.1a-1,1353
Cities 2022,4.6a-6-15,2.1d-6-15,986
Cities 2022,4.6a-5-11,2.1d-5-11,986
Cities 2022,6.2a-3,0.5-4,1669
Cities 2022,3.2a-6,7.1a-4,1353
Cities 2022,4.6a-4-4,2.1d-4-4,986
Cities 2022,14.1-0,3.11-2-1,986
Cities 2022,4.6a-5-8,2.1d-5-8,986
Cities 2022,4.6a-1-5,2.1d-1-5,986
Cities 2022,4.6a-1-12,2.1d-1-12,986
Cities 2022,4.6a-4-30,2.1d-4-30,986
Cities 2022,4.6a-6-27,2.1d-6-27,986
Cities 2022,2.0b-7,1.1a-5,4427
Cities 2022,4.6a-5-1,2.1d-5-1,986
Cities 2022,10.3-4-1,3.6-4-2,986
Cities 2022,10.3-2-3,3.6-2-4,986
Cities 2022,4.6a-7-26,2.1d-7-26,986
Cities 2022,4.6a-1-28,2.1d-1-28,986
Cities 2022,4.6a-7-10,2.1d-7-10,986
Cities 2022,4.6a-2-20,2.1d-2-20,986
Cities 2022,4.6a-2-14,2.1d-2-14,986
Cities 2022,4.6a-2-25,2.1d-2-25,986
Cities 2022,3.3-4,4.1a-6,3425
Cities 2022,4.6a-5-15,2.1d-5-15,986
Cities 2022,4.6a-4-1,2.1d-4-1,986
Cities 2022,4.6a-5-9,2.1d-5-9,986
Cities 2022,4.6a-1-20,2.1d-1-20,986
Cities 2022,4.6a-3-14,2.1d-3-14,986
Cities 2022,4.6a-4-13,2.1d-4-13,986
Cities 2022,4.6b-1-4,2.1c-1-2,986
Cities 2022,4.6a-5-6,2.1d-5-6,986
Cities 2022,4.6a-3-10,2.1d-3-10,986
Cities 2022,10.1-6-1,3.5-3-1,986
Cities 2022,4.6a-6-5,2.1d-6-5,986
Cities 2022,4.6a-5-17,2.1d-5-17,986
Cities 2022,7.3-1-1,2.3a-5-1,986
Cities 2022,10.1-9-1,3.5-10-1,986
Cities 2022,6.5-9,7.4-8,2373
Cities 2022,4.6a-7-25,2.1d-7-25,986
Cities 2022,4.6a-4-12,2.1d-4-12,986
Cities 2022,4.6a-4-16,2.1d-4-16,986
Cities 2022,4.6a-1-31,2.1d-1-31,986
Cities 2022,4.6a-4-7,2.1d-4-7,986
Cities 2022,4.6a-6-26,2.1d-6-26,986
Cities 2022,4.6a-3-17,2.1d-3-17,986
Cities 2022,11.0-0,0.1-5-1,986
Cities 2022,4.6a-7-14,2.1d-7-14,986
Cities 2022,4.6a-2-17,2.1d-2-17,986
Cities 2022,0.6-1-1,0.1-4-1,986
Cities 2022,4.6a-4-10,2.1d-4-10,986
Cities 2022,4.6a-3-13,2.1d-3-13,986
Cities 2022,2.0b-4,1.1a-3,1545
Cities 2022,10.3-3-5,3.6-3-6,986
Cities 2022,4.6a-1-8,2.1d-1-8,986
Cities 2022,7.6-2-1,2.3b-1-1,986
Cities 2022,4.6a-1-27,2.1d-1-27,986
Cities 2022,4.6a-3-18,2.1d-3-18,986
Cities 2022,4.6a-1-26,2.1d-1-26,986
Cities 2022,8.1-9-1,3.1-11-1,986
Cities 2022,4.6a-5-25,2.1d-5-25,986
Cities 2022,4.6a-2-27,2.1d-2-27,986
Cities 2022,4.6a-5-23,2.1d-5-23,986
Cities 2022,4.6a-2-6,2.1d-2-6,986
Cities 2022,4.6b-1-5,2.1c-1-8,986
Cities 2022,4.6a-7-18,2.1d-7-18,986
Cities 2022,4.6a-6-25,2.1d-6-25,986
Cities 2022,4.6a-3-3,2.1d-3-3,986
Cities 2022,10.1-2-1,3.5-6-1,986
Cities 2022,4.6a-4-3,2.1d-4-3,986
Cities 2022,10.3-2-4,3.6-2-5,986
Cities 2022,4.6a-7-9,2.1d-7-9,986
Cities 2022,2.2-2,1.3-2,9090
Cities 2022,4.6a-1-7,2.1d-1-7,986
Cities 2022,4.6a-3-20,2.1d-3-20,986
Cities 2022,10.3-5-5,3.6-5-6,986
Cities 2022,4.6a-7-16,2.1d-7-16,986
Cities 2022,4.6a-7-29,2.1d-7-29,986
Cities 2022,13.2-0,3.7-3-2,986
Cities 2022,4.6a-2-3,2.1d-2-3,986
Cities 2022,8.1-7-1,3.1-9-1,986
Cities 2022,10.3-3-2,3.6-3-3,986
Cities 2022,4.6a-5-27,2.1d-5-27,986
Cities 2022,4.6a-6-7,2.1d-6-7,986
Cities 2022,4.6a-4-28,2.1d-4-28,986
Cities 2022,4.6a-1-10,2.1d-1-10,986
Cities 2022,4.6a-3-22,2.1d-3-22,986
Cities 2022,4.6a-2-2,2.1d-2-2,986
Cities 2022,4.6a-4-2,2.1d-4-2,986
Cities 2022,4.6a-7-20,2.1d-7-20,986
Cities 2022,4.6a-2-10,2.1d-2-10,986
Cities 2022,4.6a-7-2,2.1d-7-2,986
Cities 2022,6.0-1,0.3-3-1,986
Cities 2022,4.6a-5-26,2.1d-5-26,986
Cities 2022,6.2a-1,0.5-3,4948
Cities 2022,3.2a-5,7.1a-11,1353
Cities 2022,4.6a-3-23,2.1d-3-23,986
Cities 2022,4.6a-4-26,2.1d-4-26,986
Cities 2022,8.2-1-3,3.2-1-3,986
Cities 2022,8.1-4-1,3.1-6-1,986
Cities 2022,4.6a-5-18,2.1d-5-18,986
Cities 2022,4.6a-6-31,2.1d-6-31,986
Cities 2022,2.1-7,1.2-2,12556
Cities 2022,2.1-8,1.2-10,4195
Cities 2022,4.6a-3-15,2.1d-3-15,986
Cities 2022,4.6a-3-25,2.1d-3-25,986
Cities 2022,4.6a-5-14,2.1d-5-14,986
Cities 2022,4.6a-1-9,2.1d-1-9,986
Cities 2022,4.6b-1-7,2.1c-1-10,986
Cities 2022,4.6a-5-3,2.1d-5-3,986
Cities 2022,5.4-7,9.1-6,5967
Cities 2022,4.6a-4-18,2.1d-4-18,986
Cities 2022,4.6a-3-19,2.1d-3-19,986
Cities 2022,4.6a-2-7,2.1d-2-7,986
Cities 2022,4.6a-4-17,2.1d-4-17,986
Cities 2022,4.6a-6-28,2.1d-6-28,986
Cities 2022,2.2-4,1.3-3,4545
Cities 2022,4.6b-1-17,2.1c-1-17,986
Cities 2022,4.6a-7-1,2.1d-7-1,986
Cities 2022,4.6c-1-1,2.1c-1-1,986
Cities 2022,6.0-2,0.3-4-1,1243
Cities 2022,2.1-3,1.2-7,4195
Cities 2022,4.6a-5-4,2.1d-5-4,986
Cities 2022,4.6a-2-28,2.1d-2-28,986
Cities 2022,10.3-3-1,3.6-3-2,986
Cities 2022,4.6a-7-28,2.1d-7-28,986
Cities 2022,4.6b-1-9,2.1c-1-12,986
Cities 2022,10.3-3-4,3.6-3-5,986
Cities 2022,4.6b-1-16,2.1c-1-16,986
Cities 2022,4.6a-6-8,2.1d-6-8,986
Cities 2022,4.6a-1-3,2.1d-1-3,986
Cities 2022,8.1-1-1,3.1-3-1,986
Cities 2022,4.6a-6-1,2.1d-6-1,986
Cities 2022,4.6b-1-8,2.1c-1-11,986
Cities 2022,4.6b-1-6,2.1c-1-9,986
Cities 2022,4.6b-1-11,2.1c-1-14,986
Cities 2022,4.6a-6-2,2.1d-6-2,986
Cities 2022,0.5-2-1,0.1-6-1,986
Cities 2022,4.6a-3-29,2.1d-3-29,986
Cities 2022,6.5-4,7.4-4,2373
Cities 2022,3.3-1,4.1a-2,3425
Cities 2022,4.6a-4-22,2.1d-4-22,986
Cities 2022,4.6a-3-7,2.1d-3-7,986
Cities 2022,10.1-5-1,3.5-2-1,986
Cities 2022,4.6b-1-3,2.1c-1-7,986
Cities 2022,10.3-1-4,3.6-1-5,986
Cities 2022,10.3-1-1,3.6-1-2,986
Cities 2022,4.6a-7-6,2.1d-7-6,986
Cities 2022,4.6a-4-5,2.1d-4-5,986
Cities 2022,4.6a-2-4,2.1d-2-4,986
Cities 2022,2.1-6,1.2-3,13228
Cities 2022,4.6a-6-16,2.1d-6-16,986
Cities 2022,4.6a-2-16,2.1d-2-16,986
Cities 2022,4.6a-2-31,2.1d-2-31,986
Cities 2022,4.6a-1-1,2.1d-1-1,986
Cities 2022,4.6a-1-16,2.1d-1-16,986
Cities 2022,4.6a-1-11,2.1d-1-11,986
Cities 2022,4.6a-4-23,2.1d-4-23,986
Cities 2022,10.3-5-2,3.6-5-3,986
Cities 2022,4.6a-6-4,2.1d-6-4,986
Cities 2022,7.7a-2,2.3b-3-1,986
Cities 2022,4.6a-7-11,2.1d-7-11,986
Cities 2022,4.6a-4-31,2.1d-4-31,986
Cities 2022,4.6a-4-27,2.1d-4-27,986
Cities 2022,4.6a-2-9,2.1d-2-9,986
Cities 2022,4.6a-5-5,2.1d-5-5,986
Cities 2022,4.6a-3-6,2.1d-3-6,986
Cities 2022,6.5-7,7.4-6,2373
Cities 2022,10.3-4-4,3.6-4-5,986
Cities 2022,4.6a-5-13,2.1d-5-13,986
Cities 2022,4.6a-4-9,2.1d-4-9,986
Cities 2022,2.1-5,1.2-4,4195
Cities 2022,4.6a-1-6,2.1d-1-6,986
Cities 2022,4.6a-3-5,2.1d-3-5,986
Cities 2022,4.6a-7-23,2.1d-7-23,986
Cities 2022,2.0b-2,1.1a-1,1545
Cities 2022,3.2a-1,7.1a-2,1353
Cities 2022,10.3-5-4,3.6-5-5,986
Cities 2022,4.6a-1-30,2.1d-1-30,986
Cities 2022,4.6a-6-9,2.1d-6-9,986
Cities 2022,4.6d-1,2.1e-1,1572
Cities 2022,10.1-7-1,3.5-8-1,986
Cities 2022,4.6a-7-3,2.1d-7-3,986
Cities 2022,4.6d-3,2.1e-3,1572
Cities 2022,3.2a-3,7.1a-14,6474
Cities 2022,8.1-6-1,3.1-8-1,986
Cities 2022,4.6a-2-11,2.1d-2-11,986
Cities 2022,4.6a-1-18,2.1d-1-18,986
Cities 2022,4.6a-4-11,2.1d-4-11,986
Cities 2022,4.6a-3-28,2.1d-3-28,986
Cities 2022,4.6a-4-8,2.1d-4-8,986
Cities 2022,4.6a-1-13,2.1d-1-13,986
Cities 2022,4.6a-5-31,2.1d-5-31,986
Cities 2022,4.6a-7-15,2.1d-7-15,986
Cities 2022,7.0-0,2.3-0,986
Cities 2022,4.6a-6-20,2.1d-6-20,986
Cities 2022,4.6b-1-2,2.1c-1-6,986
Cities 2022,4.6a-3-8,2.1d-3-8,986
Cities 2022,4.6a-6-11,2.1d-6-11,986
Cities 2022,8.1-5-1,3.1-7-1,986
Cities 2022,4.6a-2-12,2.1d-2-12,986
Cities 2022,4.6a-4-19,2.1d-4-19,986
Cities 2022,10.1-1-1,3.5-9-1,986
Cities 2022,0.4-0,0.1-10-1,986
Cities 2022,4.6a-1-22,2.1d-1-22,986
Cities 2022,4.6a-3-4,2.1d-3-4,986
Cities 2022,10.3-4-3,3.6-4-4,986
Cities 2022,4.0-0,2.1-0,986
Cities 2022,4.6a-7-12,2.1d-7-12,986
Cities 2022,10.3-2-5,3.6-2-6,986
Cities 2022,4.6a-4-14,2.1d-4-14,986
Cities 2022,4.6a-3-26,2.1d-3-26,986
Cities 2022,4.6b-1-14,2.1c-1-3,986
Cities 2022,4.6a-6-22,2.1d-6-22,986
Cities 2022,4.6a-1-2,2.1d-1-2,986
Cities 2022,4.6a-5-28,2.1d-5-28,986
Cities 2022,2.2-1,1.3-1,4545
Cities 2022,4.6a-7-13,2.1d-7-13,986
Cities 2022,4.6a-6-18,2.1d-6-18,986
Cities 2022,4.6a-2-22,2.1d-2-22,986
Cities 2022,4.6a-5-20,2.1d-5-20,986
Cities 2022,4.6a-1-17,2.1d-1-17,986
Cities 2022,4.6b-1-10,2.1c-1-13,986
Cities 2022,2.1-11,1.2-11,4195
Cities 2022,2.1-1,1.2-1,4195
Cities 2022,4.6a-2-30,2.1d-2-30,986
Cities 2022,2.1-9,1.2-9,4195
Cities 2022,4.6a-5-29,2.1d-5-29,986
Cities 2022,10.3-2-1,3.6-2-2,986
Cities 2022,4.6a-7-4,2.1d-7-4,986
Cities 2022,7.2-0,2.3a-3-1,986
Cities 2022,4.6a-4-29,2.1d-4-29,986
Cities 2022,4.6a-6-23,2.1d-6-23,986
Cities 2022,4.6a-4-6,2.1d-4-6,986
Cities 2022,4.6a-3-2,2.1d-3-2,986
Cities 2022,5.4-8,9.1-7,5967
Cities 2022,10.3-4-5,3.6-4-6,986
Cities 2022,4.6a-2-29,2.1d-2-29,986
Cities 2022,4.6a-7-27,2.1d-7-27,986
Cities 2022,4.6a-2-13,2.1d-2-13,986
Cities 2022,4.6a-7-17,2.1d-7-17,986
Cities 2022,4.9-1-1,2.2-1-1,986
Cities 2022,2.0-0,1.1-0,986
Cities 2022,4.6a-6-6,2.1d-6-6,986
Cities 2022,4.6a-6-13,2.1d-6-13,986
Cities 2022,4.6a-2-1,2.1d-2-1,986
Cities 2022,8.1-11-1,3.1-14-1,986
Cities 2022,4.6a-3-1,2.1d-3-1,986
Cities 2022,4.6a-6-12,2.1d-6-12,986
Cities 2022,4.4-0,2.1b-4,2677
Cities 2022,7.6-3-1,2.3b-2-1,986
Cities 2022,4.6a-5-2,2.1d-5-2,986
Cities 2022,4.6a-5-19,2.1d-5-19,986
Cities 2022,4.6a-4-15,2.1d-4-15,986
Cities 2022,4.6a-4-25,2.1d-4-25,986
Cities 2022,13.3-1-1,3.7-2-1,986
Cities 2022,4.6a-2-18,2.1d-2-18,986
Cities 2022,4.6a-3-11,2.1d-3-11,986
Cities 2022,4.6a-7-5,2.1d-7-5,986
Cities 2022,4.6b-1-15,2.1c-1-4,986
Cities 2022,4.6a-1-29,2.1d-1-29,986
Cities 2022,4.6a-3-9,2.1d-3-9,986
Cities 2022,4.6a-7-19,2.1d-7-19,986
Cities 2022,4.6a-5-10,2.1d-5-10,986
Cities 2022,10.3-1-3,3.6-1-4,986
Cities 2022,0.1-1-1,0.1-1-1,986
Cities 2022,10.3-1-2,3.6-1-3,986
Cities 2022,10.3-4-2,3.6-4-3,986
Cities 2022,6.2-0,0.5-1,3338
Cities 2022,10.1-4-1,3.5-7-1,986
Cities 2022,4.6a-1-19,2.1d-1-19,986
Cities 2022,4.6a-4-20,2.1d-4-20,986
Cities 2022,4.6a-1-4,2.1d-1-4,986
Cities 2022,4.6a-2-26,2.1d-2-26,986
Cities 2022,4.6a-6-3,2.1d-6-3,986
Cities 2022,8.1-3-1,3.1-5-1,986
Cities 2022,4.6a-7-22,2.1d-7-22,986
Cities 2022,8.1-2-1,3.1-4-1,986
Cities 2022,4.6a-6-14,2.1d-6-14,986
Cities 2022,4.6a-6-10,2.1d-6-10,986
Cities 2022,10.3-1-5,3.6-1-6,986
Cities 2022,4.6a-1-23,2.1d-1-23,986
Cities 2022,4.6a-7-31,2.1d-7-31,986
Cities 2022,10.3-5-1,3.6-5-2,986
Cities 2022,2.0b-6,1.1a-6,2138
Cities 2022,4.6a-3-16,2.1d-3-16,986
Cities 2022,4.6b-1-1,2.1c-1-5,986
Cities 2022,4.6a-3-12,2.1d-3-12,986
Cities 2022,14.0-0,3.14-1,1094
Cities 2022,3.3-3,4.1a-5,3425
Cities 2022,4.6a-6-19,2.1d-6-19,986
Cities 2022,2.1-4,1.2-8,4195
Cities 2022,4.6a-2-19,2.1d-2-19,986
Cities 2022,4.6a-5-22,2.1d-5-22,986
Cities 2022,10.3-3-3,3.6-3-4,986
Cities 2022,0.5-3-1,0.1-8-1,986
Cities 2022,6.5-3,7.4-3,2373
Cities 2022,4.6a-6-29,2.1d-6-29,986
Cities 2022,4.6a-5-16,2.1d-5-16,986
Cities 2022,7.6-4-1,2.3b-4-1,986
Cities 2022,4.6a-6-17,2.1d-6-17,986
Cities 2022,4.6a-5-12,2.1d-5-12,986
Cities 2022,4.6a-6-30,2.1d-6-30,986
Cities 2022,4.6a-3-31,2.1d-3-31,986
Cities 2022,4.6a-5-30,2.1d-5-30,986
Cities 2022,8.1-8-1,3.1-10-1,986
Cities 2022,4.6a-3-27,2.1d-3-27,986
Cities 2022,4.6b-1-12,2.1c-1-15,986
Cities 2022,4.6a-1-25,2.1d-1-25,986
Cities 2022,4.6a-7-30,2.1d-7-30,986
Cities 2022,10.3-2-2,3.6-2-3,986
Cities 2022,4.6a-1-15,2.1d-1-15,986
Cities 2022,10.3-5-3,3.6-5-4,986
Cities 2022,4.6a-7-8,2.1d-7-8,986
Cities 2022,4.6a-3-30,2.1d-3-30,986
Cities 2022,4.6d-2,2.1e-2,1572
Cities 2022,4.6a-2-8,2.1d-2-8,986
Cities 2022,4.6a-1-14,2.1d-1-14,986
Cities 2022,4.6d-4,2.1e-4,1572
Cities 2022,4.6a-2-15,2.1d-2-15,986
Cities 2022,4.6a-7-7,2.1d-7-7,986
Cities 2022,10.1-3-1,3.5-5-1,986
Cities 2022,4.6a-5-7,2.1d-5-7,986
Cities 2022,4.6a-2-23,2.1d-2-23,986
Cities 2022,4.6a-2-5,2.1d-2-5,986
Cities 2022,5.0d-3,5.1a-3-4,114
Cities 2022,9.1-3-2,6.1-1-6,21
Cities 2022,5.5-0,7.1-1,927
Cities 2022,5.0a-5,5.1a-9-1,660
Cities 2022,8.0a-3,6.1-1-10,284
Cities 2022,9.1-3-3,6.1-1-7,10
Cities 2022,5.0a-3,5.1a-3-1,666
Cities 2022,5.0c-12,5.1a-13-3,39
Cities 2022,5.0c-8,5.1a-11-3,31
Cities 2022,9.1-1-4,6.1-1-4,7
Cities 2022,5.0d-9,5.1a-13-4,90
Cities 2022,5.0c-7,5.1a-30-3,39
Cities 2022,5.0d-5,5.1a-9-4,108
Cities 2022,9.1-3-1,6.1-1-5,2
Cities 2022,8.0a-9,6.1-1-14,204
Cities 2022,8.0-0,6.1-1-9,284
Cities 2022,5.0a-1,5.1a-1-1,649
Cities 2022,8.0a-7,6.1-1-13,257
Cities 2022,8.0a-6,6.1-1-12,311
Cities 2022,9.1-1-3,6.1-1-3,11
Cities 2022,5.0a-6,5.1a-7-1,657
Cities 2022,5.0d-8,5.1a-12-4,111
Cities 2022,3.2-0,7.1-0,927
Cities 2022,9.1-1-1,6.1-1-1,8
Cities 2022,5.0c-11,5.1a-12-3,34
Cities 2022,9.1-1-2,6.1-1-2,16
Cities 2022,5.0a-9,5.1a-12-1,662
Cities 2022,5.0d-7,5.1a-10-4,100
Cities 2022,5.0c-9,5.1a-10-3,34
Cities 2022,5.0c-13,5.1a-14-3,32
Cities 2022,5.0d-11,5.1a-14-4,105
Cities 2022,5.0d-1,5.1a-1-4,112
Cities 2022,5.0c-5,5.1a-9-3,36
Cities 2022,5.0c-3,5.1a-3-3,39
Cities 2022,8.0a-4,6.1-1-11,246
Cities 2022,9.1-3-4,6.1-1-8,14
Cities 2022,5.0a-7,5.1a-10-1,653
Cities 2022,5.0c-1,5.1a-1-3,38
Cities 2022,5.0d-6,5.1a-7-4,112
Cities 2022,5.0a-11,5.1a-14-1,660
Cities 2022,5.0c-6,5.1a-7-3,36
